Date,Symbol,Series,Prev Close,Open,High,Low,Last,Close,VWAP,Volume,Turnover,Trades,Deliverable Volume,%Deliverble
2017-01-02,INFY,EQ,1010.6,1011.1,1012.95,999.35,1002.9,1001.1,1004.35,1167611,117269441590000.02,28829,574481,0.49200000000000005
2017-01-03,INFY,EQ,1001.1,1004.1,1004.9,982.0,995.05,993.85,989.67,3389241,335422526435000.0,113621,2102873,0.6204999999999999
2017-01-04,INFY,EQ,993.85,995.05,1004.2,992.25,992.45,997.75,998.94,3536793,353303801460000.0,99650,2845068,0.8044
2017-01-05,INFY,EQ,997.75,1001.6,1009.5,988.75,996.2,996.15,1000.19,4103537,410432514970000.0,100603,2906621,0.7083
2017-01-06,INFY,EQ,996.15,994.9,998.85,968.05,977.3,972.25,973.69,7196724,700739261910000.0,171262,5117393,0.7111
2017-01-09,INFY,EQ,972.25,972.25,976.95,965.0,970.0,970.35,969.08,5272846,510983370285000.06,86963,4055990,0.7692
2017-01-10,INFY,EQ,970.35,977.0,981.0,967.95,971.15,970.55,973.74,5969927,581315990530000.0,97596,4934769,0.8266
2017-01-11,INFY,EQ,970.55,974.2,978.45,963.95,969.4,969.1,967.78,6120787,592356183200000.0,192442,5112774,0.8353
2017-01-12,INFY,EQ,969.1,977.55,1004.4,977.55,1001.5,1000.05,992.36,5927870,588257439390000.0,152968,4411560,0.7442000000000001
2017-01-13,INFY,EQ,1000.05,1030.0,1040.0,962.7,972.6,975.8,992.9,15638123,1552715307030000.0,327113,6396722,0.409
2017-01-16,INFY,EQ,975.8,965.0,965.45,952.45,957.45,955.65,959.11,6175686,592313261825000.0,139257,4103616,0.6645000000000001
2017-01-17,INFY,EQ,955.65,956.25,964.0,952.4,955.55,955.4,958.04,2780047,266338630615000.0,80315,1855612,0.6675
2017-01-18,INFY,EQ,955.4,958.1,961.0,949.8,950.9,950.8,955.6,2976481,284432391880000.0,109771,2237717,0.7518000000000001
2017-01-19,INFY,EQ,950.8,951.0,959.6,948.1,957.5,958.1,954.0,4438240,423406851795000.0,139441,3419253,0.7704000000000001
2017-01-20,INFY,EQ,958.1,950.0,953.15,946.0,946.15,948.7,949.0,4562371,432970296985000.06,106341,3473135,0.7613
2017-01-23,INFY,EQ,948.7,945.0,958.0,940.0,952.95,952.7,953.45,3974290,378927895975000.0,116065,3061999,0.7705
2017-01-24,INFY,EQ,952.7,950.0,950.0,940.1,946.05,945.55,944.02,3413005,322195321940000.0,101476,2591594,0.7593000000000001
2017-01-25,INFY,EQ,945.55,946.1,946.8,934.8,936.55,936.6,939.73,4989045,468835534875000.0,123432,4067810,0.8153
2017-01-27,INFY,EQ,936.6,933.85,947.55,901.15,942.65,942.15,939.2,5317569,499426350289999.94,119331,3829337,0.7201000000000001
2017-01-30,INFY,EQ,942.15,937.5,951.5,928.85,948.05,949.35,943.57,5684604,536383372795000.0,147702,4540626,0.7988
2017-01-31,INFY,EQ,949.35,941.5,941.5,904.35,929.4,928.6,925.07,12034267,1113257252165000.0,275395,8079333,0.6714
2017-02-01,INFY,EQ,928.6,921.1,923.2,905.15,916.0,916.75,913.71,5765891,526837569720000.0,170177,3683002,0.6388
2017-02-02,INFY,EQ,916.75,917.0,945.0,910.1,934.7,935.9,931.77,5914134,551061342695000.0,123387,3446045,0.5827
2017-02-03,INFY,EQ,935.9,933.8,940.9,921.05,934.05,936.1,929.96,4211979,391697984335000.0,136814,2547270,0.6048
2017-02-06,INFY,EQ,936.1,937.25,943.75,930.55,934.0,935.25,935.91,3363967,314836259895000.0,90322,2314695,0.6881
2017-02-07,INFY,EQ,935.25,933.0,949.8,928.55,946.0,942.25,937.35,4634001,434370363005000.0,78781,3112165,0.6716
2017-02-08,INFY,EQ,942.25,936.0,944.1,932.45,934.0,936.5,936.48,3159981,295925545060000.0,104030,1911505,0.6049
2017-02-09,INFY,EQ,936.5,937.0,950.0,936.55,946.0,946.0,944.59,5953633,562372624380000.0,212836,4175914,0.7014
2017-02-10,INFY,EQ,946.0,946.25,972.0,943.3,967.0,968.3,959.62,6126226,587886773260000.0,147110,3794919,0.6195
2017-02-13,INFY,EQ,968.3,972.85,986.1,962.85,984.0,984.35,978.43,6862134,671408429075000.0,115322,4728443,0.6890999999999999
2017-02-14,INFY,EQ,984.35,980.0,989.0,972.35,987.75,987.7,982.86,4669409,458939317614999.94,93050,3466290,0.7423000000000001
2017-02-15,INFY,EQ,987.7,989.2,998.8,968.8,982.15,981.8,984.58,3629743,357375498415000.0,69110,2050457,0.5649000000000001
2017-02-16,INFY,EQ,981.8,991.0,1013.9,990.05,1012.0,1012.1,1004.57,6407929,643721788455000.0,114268,4334352,0.6764
2017-02-17,INFY,EQ,1012.1,1013.75,1013.75,992.7,999.0,1000.1,1000.09,2425604,242582688410000.0,67547,1218285,0.5023
2017-02-20,INFY,EQ,1000.1,996.5,1031.0,993.5,1030.0,1010.25,1002.49,2325331,233112929794999.97,57830,1302153,0.56
2017-02-21,INFY,EQ,1010.25,1022.1,1024.5,1000.05,1011.0,1013.6,1014.45,3806998,386201054430000.0,86430,2370356,0.6226
2017-02-22,INFY,EQ,1013.6,1015.0,1015.0,986.4,991.0,990.15,994.38,3303919,328535383380000.0,121253,2257631,0.6833
2017-02-23,INFY,EQ,990.15,998.9,1020.0,993.35,1006.55,1008.85,1009.55,4771328,481691630250000.0,103839,2997647,0.6283
2017-02-27,INFY,EQ,1008.85,1007.3,1023.0,1006.95,1013.05,1012.4,1017.4,2664348,271071492660000.0,83469,1726327,0.6479
2017-02-28,INFY,EQ,1012.4,1011.85,1022.7,1009.25,1012.0,1012.4,1014.8,2970066,301402267760000.0,93851,2034698,0.6851
2017-03-01,INFY,EQ,1012.4,1012.0,1027.0,1010.1,1025.25,1025.15,1024.23,2141224,219309587269999.97,114684,1433135,0.6693000000000001
2017-03-02,INFY,EQ,1025.15,1024.4,1028.0,1016.5,1018.9,1023.3,1024.05,1474249,150969890280000.0,42399,854240,0.5794
2017-03-03,INFY,EQ,1023.3,1010.25,1034.3,1000.4,1032.15,1031.2,1021.08,2700806,275772785075000.0,74416,1583078,0.5861999999999999
2017-03-06,INFY,EQ,1031.2,1020.05,1035.95,1019.7,1033.0,1033.9,1030.4,2643193,272353299255000.03,71674,1692358,0.6403
2017-03-07,INFY,EQ,1033.9,1022.0,1025.8,1014.7,1018.8,1019.8,1020.25,2322248,236926797035000.0,74091,1584296,0.6822
2017-03-08,INFY,EQ,1019.8,1016.9,1016.9,1004.45,1008.15,1007.8,1009.02,3089588,311746575005000.0,65695,2298442,0.7439
2017-03-09,INFY,EQ,1007.8,1007.8,1013.0,999.0,1011.2,1011.55,1007.88,1740315,175402766255000.0,80001,1024481,0.5887
2017-03-10,INFY,EQ,1011.55,1015.0,1027.65,1013.4,1021.5,1021.85,1021.75,2275162,232465763290000.0,66765,1545603,0.6793000000000001
2017-03-14,INFY,EQ,1021.85,1022.8,1041.9,1022.8,1035.3,1034.8,1034.12,3939198,407361217505000.0,93944,3000106,0.7615999999999999
2017-03-15,INFY,EQ,1034.8,1034.9,1034.9,1007.5,1011.2,1011.95,1013.81,3186989,323098861715000.0,135842,2077875,0.652
2017-03-16,INFY,EQ,1011.95,1013.3,1031.7,1013.3,1029.0,1028.85,1024.89,3351478,343489491625000.0,91634,2608709,0.7784000000000001
2017-03-17,INFY,EQ,1028.85,1035.4,1042.9,1019.25,1039.0,1040.3,1034.03,4753923,491568688745000.0,132876,3727612,0.7841
2017-03-20,INFY,EQ,1040.3,1026.55,1026.55,1015.1,1020.3,1021.5,1020.31,2213694,225865253275000.0,85988,1405382,0.6349
2017-03-21,INFY,EQ,1021.5,1020.9,1034.95,1018.8,1028.8,1032.85,1029.0,2434792,250541204390000.0,61479,1830413,0.7518000000000001
2017-03-22,INFY,EQ,1032.85,1022.45,1039.95,1020.4,1027.5,1027.7,1028.79,1995426,205287240325000.0,69882,1221757,0.6123
2017-03-23,INFY,EQ,1027.7,1028.25,1043.0,1026.6,1040.25,1040.45,1038.53,2250831,233755535535000.0,70900,1648541,0.7323999999999999
2017-03-24,INFY,EQ,1040.45,1038.0,1044.0,1027.7,1028.1,1031.4,1033.26,2441948,252316665915000.0,75313,1751499,0.7173
2017-03-27,INFY,EQ,1031.4,1027.2,1041.85,1024.5,1035.0,1028.85,1032.85,3842412,396861743560000.0,118204,2995550,0.7796
2017-03-28,INFY,EQ,1028.85,1031.5,1039.0,1030.05,1038.95,1035.15,1035.21,2398398,248285026230000.03,69503,1930783,0.805
2017-03-29,INFY,EQ,1035.15,1034.3,1041.5,1025.85,1033.8,1031.85,1032.47,3490593,360393873650000.0,60565,2566972,0.7354
2017-03-30,INFY,EQ,1031.85,1034.0,1035.9,1020.25,1023.0,1025.5,1026.08,6078590,623709236785000.0,94441,5137369,0.8452
2017-03-31,INFY,EQ,1025.5,1023.25,1029.3,1008.0,1022.5,1022.25,1019.49,7076927,721483180260000.0,96201,5852533,0.8270000000000001
2017-04-03,INFY,EQ,1022.25,1032.15,1032.45,1006.1,1010.3,1008.8,1010.88,2157800,218128709615000.0,66898,1331562,0.6171
2017-04-05,INFY,EQ,1008.8,1005.0,1005.4,991.0,995.2,995.95,997.87,3699169,369127493505000.0,155256,2625496,0.7098000000000001
2017-04-06,INFY,EQ,995.95,998.15,1005.8,992.0,997.45,999.6,1000.46,2689504,269072925135000.0,80666,1937935,0.7206
2017-04-07,INFY,EQ,999.6,1000.9,1000.9,979.0,982.6,981.55,985.56,3202254,315600478025000.0,97036,2127344,0.6643000000000001
2017-04-10,INFY,EQ,981.55,984.9,989.5,950.1,951.05,953.4,965.01,4764236,459751433175000.0,94190,3501343,0.7349
2017-04-11,INFY,EQ,953.4,956.05,971.7,956.05,968.0,967.15,966.2,4327733,418146903260000.0,104526,3013419,0.6962999999999999
2017-04-12,INFY,EQ,967.15,970.0,976.9,960.35,967.85,968.85,969.16,3348376,324510325060000.0,86217,2109176,0.6299
2017-04-13,INFY,EQ,968.85,970.0,990.0,926.65,932.9,931.4,942.95,15486594,1460316052140000.0,368460,6306494,0.4072
2017-04-17,INFY,EQ,931.4,930.0,932.1,923.5,924.75,924.9,926.27,3606717,334078167650000.0,110168,2201285,0.6103000000000001
2017-04-18,INFY,EQ,924.9,924.75,934.0,919.1,923.05,922.65,925.65,2323759,215098553530000.03,77903,1279625,0.5507
2017-04-19,INFY,EQ,922.65,923.0,930.0,912.65,919.4,919.2,917.13,5035851,461854169185000.06,123370,3339609,0.6631999999999999
2017-04-20,INFY,EQ,919.2,921.5,929.7,918.55,928.15,927.3,924.5,2274500,210278003130000.0,104880,1326416,0.5832
2017-04-21,INFY,EQ,927.3,934.8,934.8,921.1,922.5,923.7,925.43,1788733,165534615865000.0,62461,1072711,0.5997
2017-04-24,INFY,EQ,923.7,917.5,928.5,913.0,927.0,926.55,919.84,2778333,255562344669999.97,78246,1694772,0.61
2017-04-25,INFY,EQ,926.55,925.9,933.0,920.55,929.6,929.35,929.27,2368530,220099205665000.0,104070,1433101,0.6051
2017-04-26,INFY,EQ,929.35,929.95,935.55,910.2,914.15,914.25,916.98,4542248,416516844155000.0,125006,3249587,0.7154
2017-04-27,INFY,EQ,914.25,916.0,929.0,916.0,927.2,925.25,923.8,3898604,360152162885000.0,113696,3119178,0.8001
2017-04-28,INFY,EQ,925.25,926.85,927.4,915.6,921.0,918.95,919.78,2514851,231311591900000.0,79880,1875526,0.7458
2017-05-02,INFY,EQ,918.95,924.0,926.4,915.1,923.15,922.6,921.65,1615563,148898425995000.0,85885,1084913,0.6715000000000001
2017-05-03,INFY,EQ,922.6,926.5,939.1,917.65,934.0,934.3,932.19,2329724,217173762455000.03,74214,1143378,0.4908
2017-05-04,INFY,EQ,934.3,937.0,939.65,928.9,936.0,937.65,935.94,2639903,247078590094999.97,104986,1871689,0.7090000000000001
2017-05-05,INFY,EQ,937.65,936.0,937.35,920.0,930.0,931.5,927.04,2216394,205468748605000.0,108343,1405444,0.6341
2017-05-08,INFY,EQ,931.5,938.0,948.55,932.0,943.1,945.5,940.67,2353549,221391728644999.97,99288,1802048,0.7656999999999999
2017-05-09,INFY,EQ,945.5,950.6,951.95,942.1,946.95,946.65,947.01,2824686,267501393405000.03,97850,2189223,0.775
2017-05-10,INFY,EQ,946.65,947.15,950.0,937.15,945.3,943.65,943.23,1682151,158665270950000.0,54391,1192739,0.7091
2017-05-11,INFY,EQ,943.65,946.85,949.85,937.55,944.05,944.1,945.45,1614741,152666216670000.0,67623,1146230,0.7099
2017-05-12,INFY,EQ,944.1,953.0,966.0,951.45,965.45,964.25,959.75,5489998,526903523825000.0,111297,4090114,0.745
2017-05-15,INFY,EQ,964.25,963.5,963.5,949.1,953.25,951.55,951.49,3648582,347157974480000.0,75335,3052819,0.8367
2017-05-16,INFY,EQ,951.55,953.1,960.15,946.95,956.0,955.0,952.92,3065084,292077521940000.0,71808,1858063,0.6062
2017-05-17,INFY,EQ,955.0,951.6,958.45,943.85,952.9,952.8,949.48,1457754,138410951184999.98,75429,792251,0.5435
2017-05-18,INFY,EQ,952.8,943.0,973.9,942.85,960.25,961.75,962.61,4028924,387828174815000.0,120990,2309450,0.5732
2017-05-19,INFY,EQ,961.75,961.5,962.7,947.85,957.4,957.95,954.18,2128698,203115537025000.0,88897,1457747,0.6848000000000001
2017-05-22,INFY,EQ,957.95,958.4,966.9,956.55,960.0,961.45,962.29,2751526,264775481965000.0,99616,2034031,0.7392000000000001
2017-05-23,INFY,EQ,961.45,964.65,967.0,954.1,957.5,957.3,960.16,2019991,193951466480000.0,80122,1436389,0.7111
2017-05-24,INFY,EQ,957.3,960.0,965.5,949.6,957.0,954.8,958.37,2818143,270082685750000.0,56898,1913750,0.6790999999999999
2017-05-25,INFY,EQ,954.8,961.0,986.6,961.0,981.0,983.3,978.16,5219257,510524971945000.0,76160,4108984,0.7873000000000001
2017-05-26,INFY,EQ,983.3,987.0,1000.0,980.6,996.05,995.7,994.06,2494002,247919388190000.0,63671,1477643,0.5925
2017-05-29,INFY,EQ,995.7,990.9,996.7,975.7,986.0,985.15,983.11,3154217,310092903220000.0,83084,2272869,0.7206
2017-05-30,INFY,EQ,985.15,982.0,1000.0,978.65,993.0,996.2,995.45,1858455,185000363775000.0,62012,1280033,0.6888
2017-05-31,INFY,EQ,996.2,993.55,993.55,974.85,976.05,977.05,980.19,3881950,380505120280000.0,121323,3086038,0.795
2017-06-01,INFY,EQ,977.05,969.3,979.7,958.55,971.25,971.4,969.49,2754303,267026258515000.0,81421,1822506,0.6617000000000001
2017-06-02,INFY,EQ,971.4,973.4,975.45,964.2,966.0,969.45,968.76,1958983,189779268895000.0,48927,1396644,0.7129000000000001
2017-06-05,INFY,EQ,969.45,970.0,972.0,957.05,959.0,958.75,961.71,2731349,262676146275000.0,83794,1941199,0.7107
2017-06-06,INFY,EQ,958.75,965.0,987.5,964.4,980.0,979.35,980.08,3504343,343452587365000.0,83178,2018029,0.5759000000000001
2017-06-07,INFY,EQ,979.35,985.0,988.9,945.0,959.3,961.3,963.75,6227523,600180544620000.0,139990,2519343,0.4045
2017-06-08,INFY,EQ,961.3,962.95,962.95,948.15,956.05,956.45,952.81,3097676,295150157675000.0,88147,1778850,0.5743
2017-06-09,INFY,EQ,956.45,938.55,950.95,923.0,949.0,948.6,937.55,7378831,691802823035000.0,161124,3054942,0.414
2017-06-12,INFY,EQ,948.6,943.35,965.2,940.1,964.4,963.85,953.95,4295838,409799673110000.0,89686,2215716,0.5158
2017-06-13,INFY,EQ,963.85,953.5,962.95,951.6,957.95,957.8,958.26,2468897,236583376369999.97,69355,1449584,0.5871000000000001
2017-06-14,INFY,EQ,957.8,960.0,961.9,951.2,958.5,958.6,957.02,3719055,355919477655000.0,90312,2710765,0.7289
2017-06-15,INFY,EQ,958.6,959.65,967.95,949.6,951.35,952.1,956.12,2764031,264275262205000.03,67490,1852460,0.6702
2017-06-16,INFY,EQ,952.1,949.1,953.85,936.0,937.0,940.25,942.47,5474225,515926902525000.0,109487,4241070,0.7747
2017-06-19,INFY,EQ,940.25,939.95,940.25,928.0,930.8,929.85,931.98,3427930,319475966540000.0,82075,2297829,0.6703
2017-06-20,INFY,EQ,929.85,935.0,946.9,934.05,944.25,943.55,943.01,2592198,244447188525000.0,105790,1509148,0.5822
2017-06-21,INFY,EQ,943.55,945.0,949.0,936.05,948.55,943.35,941.04,1867932,175779162060000.0,59945,1286468,0.6887000000000001
2017-06-22,INFY,EQ,943.35,947.7,968.7,935.1,939.0,940.15,953.78,4732621,451389587795000.0,115123,2848768,0.6019
2017-06-23,INFY,EQ,940.15,945.0,949.15,938.0,943.05,943.25,943.77,3201509,302148888030000.0,118944,2359021,0.7368000000000001
2017-06-27,INFY,EQ,943.25,945.0,948.0,923.75,926.0,927.05,929.06,3452330,320742022650000.0,113272,2392340,0.693
2017-06-28,INFY,EQ,927.05,932.8,933.0,921.0,924.0,924.7,925.73,2952612,273331008865000.0,98295,2094305,0.7093
2017-06-29,INFY,EQ,924.7,930.2,947.95,926.6,929.0,930.2,935.13,7957020,744083810990000.0,103952,5660732,0.7114
2017-06-30,INFY,EQ,930.2,930.8,938.0,929.0,934.4,935.55,934.42,2108350,197009005220000.0,64325,1526984,0.7243
2017-07-03,INFY,EQ,935.55,941.1,955.0,934.6,953.6,951.9,945.66,2544462,240619236605000.03,62128,1419172,0.5577000000000001
2017-07-04,INFY,EQ,951.9,953.85,970.0,949.4,961.0,962.15,962.03,2583863,248576234140000.0,54690,1493619,0.5781000000000001
2017-07-05,INFY,EQ,962.15,959.0,959.0,945.4,952.0,950.9,950.46,2113114,200842200670000.0,58308,1201934,0.5688000000000001
2017-07-06,INFY,EQ,950.9,945.0,957.0,944.2,946.8,947.0,950.12,1914860,181934535090000.0,56849,1143132,0.5970000000000001
2017-07-07,INFY,EQ,947.0,943.85,945.45,933.05,935.1,935.4,938.78,2888443,271162174550000.0,98641,2118035,0.7333
2017-07-10,INFY,EQ,935.4,945.0,1028.9,937.3,953.3,957.05,953.49,847546,80812520750000.0,17862,426402,0.5031
2017-07-11,INFY,EQ,957.05,956.65,989.5,956.65,978.6,975.35,978.98,5769854,564857819535000.0,113632,3220051,0.5581
2017-07-12,INFY,EQ,975.35,974.95,981.5,968.75,973.0,972.35,974.41,3137988,305767250355000.0,77201,2147850,0.6845
2017-07-13,INFY,EQ,972.35,977.25,983.45,964.1,980.0,977.05,977.0,2585196,252572482500000.0,74502,1139208,0.44070000000000004
2017-07-14,INFY,EQ,977.05,999.45,1006.85,966.05,970.0,972.05,985.55,11239090,1107669742595000.1,246571,4902877,0.4362
2017-07-17,INFY,EQ,972.05,975.0,992.0,974.0,985.55,984.05,984.54,3849125,378960238600000.0,85783,2209178,0.5739
2017-07-18,INFY,EQ,984.05,986.05,1004.8,981.1,983.65,985.6,995.69,4130090,411229607535000.0,93509,2299835,0.5568
2017-07-19,INFY,EQ,985.6,981.45,988.65,969.1,979.6,979.85,976.12,2945139,287480163995000.0,105595,1545101,0.5246000000000001
2017-07-20,INFY,EQ,979.85,979.3,979.85,966.95,969.0,969.45,970.69,3404870,330508566630000.0,101526,2486394,0.7302
2017-07-21,INFY,EQ,969.45,973.0,982.55,971.4,979.9,980.1,978.45,2990377,292592183985000.0,68179,1923535,0.6432
2017-07-24,INFY,EQ,980.1,983.5,994.0,982.6,990.5,990.55,989.58,3064588,303264695840000.0,110820,2177458,0.7105
2017-07-25,INFY,EQ,990.55,990.0,999.0,986.2,994.0,993.85,992.82,3572807,354715544375000.0,104586,2636530,0.7379000000000001
2017-07-26,INFY,EQ,993.85,998.1,999.0,990.4,994.0,994.05,993.84,3435012,341385284520000.0,104013,2857462,0.8319
2017-07-27,INFY,EQ,994.05,996.0,1004.0,966.8,969.85,971.05,981.64,6338426,622205560670000.0,100543,4878648,0.7697
2017-07-28,INFY,EQ,971.05,976.0,1003.0,962.3,995.7,997.35,987.2,5549214,547820164039999.94,92083,3196985,0.5761000000000001
2017-07-31,INFY,EQ,997.35,991.9,1021.7,986.75,1015.0,1011.2,1007.77,9579124,965359359135000.0,194493,6840218,0.7141
2017-08-01,INFY,EQ,1011.2,1011.0,1017.0,998.35,1004.5,1005.55,1005.38,3844699,386537399285000.0,74672,2634496,0.6851999999999999
2017-08-02,INFY,EQ,1005.55,1006.0,1012.75,987.2,989.1,993.35,999.06,2128792,212678054495000.0,64338,1154252,0.5422
2017-08-03,INFY,EQ,993.35,991.0,998.75,980.25,981.8,984.0,988.23,2320174,229286969685000.0,64881,1484098,0.6396000000000001
2017-08-04,INFY,EQ,984.0,988.0,989.0,976.05,983.5,983.75,981.53,2674509,262510870490000.0,54851,1951568,0.7297
2017-08-07,INFY,EQ,983.75,983.5,983.75,965.7,966.5,968.25,972.33,3036872,295283460805000.0,75997,2439913,0.8034
2017-08-08,INFY,EQ,968.25,968.5,970.25,955.05,963.5,963.85,963.45,3002324,289257868085000.0,83371,2062272,0.6869
2017-08-09,INFY,EQ,963.85,967.65,973.9,964.55,970.7,969.35,969.56,1961205,190150415020000.0,74542,1112721,0.5674
2017-08-10,INFY,EQ,969.35,969.9,987.5,969.35,984.95,981.25,982.0,4570342,448807266675000.0,118468,3294424,0.7208
2017-08-11,INFY,EQ,981.25,976.0,997.0,969.6,986.5,987.7,986.81,3272078,322892246305000.0,85957,2064364,0.6309
2017-08-14,INFY,EQ,987.7,988.0,989.2,977.15,982.0,981.45,981.62,1908235,187316293580000.0,83142,1423038,0.7456999999999999
2017-08-16,INFY,EQ,981.45,982.0,986.1,969.0,979.35,975.2,975.79,3089040,301425412605000.0,73688,2010754,0.6509
2017-08-17,INFY,EQ,975.2,1005.0,1029.25,998.05,1021.05,1020.85,1012.61,12892130,1305475956060000.0,219380,8130105,0.6306
2017-08-18,INFY,EQ,1020.85,1017.9,1017.9,884.2,923.15,923.25,932.15,82202480,7662502433345000.0,1192900,42028494,0.5113000000000001
2017-08-21,INFY,EQ,923.25,924.0,924.0,870.0,870.15,873.4,888.68,45203588,4017147915100000.0,844350,20137307,0.4455
2017-08-22,INFY,EQ,873.4,895.2,897.05,860.0,876.0,875.4,876.3,24621299,2157555332359999.8,436450,10004177,0.40630000000000005
2017-08-23,INFY,EQ,875.4,880.0,903.7,873.9,893.4,892.8,890.37,30642095,2728291387880000.0,431562,15763891,0.5145000000000001
2017-08-24,INFY,EQ,892.8,910.0,918.25,902.35,911.5,912.15,910.72,21190262,1929843284209999.8,379260,13139149,0.6201
2017-08-28,INFY,EQ,912.15,943.95,953.95,938.0,940.3,941.0,944.82,20356054,1923285086334999.8,339901,11887057,0.584
2017-08-29,INFY,EQ,941.0,941.45,942.0,925.55,926.75,927.45,933.49,6684696,624010966425000.0,148591,3807364,0.5696
2017-08-30,INFY,EQ,927.45,937.2,939.0,924.1,926.7,926.65,930.56,8074832,751412582150000.0,147639,4723273,0.5849000000000001
2017-08-31,INFY,EQ,926.65,928.8,928.95,912.9,915.0,914.95,916.78,7511226,688613948145000.0,174045,4983033,0.6634000000000001
2017-09-01,INFY,EQ,914.95,915.95,925.9,910.0,919.85,919.95,919.57,4216961,387780987580000.0,81607,2288888,0.5428000000000001
2017-09-04,INFY,EQ,919.95,921.0,921.1,893.5,899.95,900.2,904.13,5088554,460071844235000.06,141455,2605004,0.5119
2017-09-05,INFY,EQ,900.2,902.0,905.0,897.25,901.0,901.9,901.02,4891696,440750623210000.06,79400,3043364,0.6221
2017-09-06,INFY,EQ,901.9,900.0,900.3,890.0,896.9,895.6,894.39,3867955,345947548310000.0,126593,2169351,0.5609000000000001
2017-09-07,INFY,EQ,895.6,900.0,900.5,892.35,894.65,895.75,896.04,3120596,279618094775000.0,74906,2144854,0.6873
2017-09-08,INFY,EQ,895.75,899.0,899.0,882.1,884.0,884.3,888.07,4302271,382069633175000.0,78811,2781198,0.6464
2017-09-11,INFY,EQ,884.3,890.4,891.8,873.65,879.95,878.7,880.91,6893821,607284674800000.0,145836,4926886,0.7147
2017-09-12,INFY,EQ,878.7,882.55,887.75,878.8,883.25,884.05,881.98,8620677,760327001970000.0,94378,7004148,0.8125
2017-09-13,INFY,EQ,884.05,885.5,887.6,881.0,884.5,883.75,883.75,5739114,507192718770000.0,136009,4337096,0.7556999999999999
2017-09-14,INFY,EQ,883.75,884.5,896.6,881.6,892.3,892.4,891.42,6849003,610532829685000.0,110957,5034797,0.7351000000000001
2017-09-15,INFY,EQ,892.4,892.3,913.25,892.2,908.6,908.25,904.85,6729730,608940874425000.0,99888,4438125,0.6595000000000001
2017-09-18,INFY,EQ,908.25,910.0,917.75,906.3,908.8,909.1,912.83,4237930,386851318230000.0,77992,3189815,0.7526999999999999
2017-09-19,INFY,EQ,909.1,908.0,916.0,903.5,912.7,912.25,911.15,3016665,274864213019999.97,79618,1885792,0.6251
2017-09-20,INFY,EQ,912.25,917.0,917.0,907.45,913.3,912.7,910.97,2883915,262715326780000.03,46614,2044262,0.7088
2017-09-21,INFY,EQ,912.7,915.0,915.25,908.15,911.0,909.55,910.99,4102076,373695196280000.0,42387,3197445,0.7795000000000001
2017-09-22,INFY,EQ,909.55,908.15,910.25,888.0,899.0,898.3,897.32,8802044,789827338825000.0,101141,6337990,0.7201000000000001
2017-09-25,INFY,EQ,898.3,901.0,901.95,889.1,901.0,895.35,894.32,4544350,406408491600000.0,83796,3038937,0.6687000000000001
2017-09-26,INFY,EQ,895.35,897.0,908.4,894.3,901.75,905.9,900.14,3683239,331541620250000.0,101232,2519693,0.6840999999999999
2017-09-27,INFY,EQ,905.9,906.1,907.9,895.1,895.9,899.8,900.49,3000069,270154223640000.0,88378,1994987,0.665
2017-09-28,INFY,EQ,899.8,896.1,903.9,894.3,896.0,896.0,897.71,8768633,787166620805000.0,135425,7778115,0.887
2017-09-29,INFY,EQ,896.0,898.0,902.4,895.0,899.0,899.9,899.31,2852916,256565105660000.0,79579,2099609,0.736
2017-10-03,INFY,EQ,899.9,910.1,912.0,901.6,903.05,903.55,905.66,2473761,224039233630000.03,98569,1968356,0.7957
2017-10-04,INFY,EQ,903.55,903.0,905.4,897.15,901.45,899.6,901.13,2495746,224899716744999.97,81198,1658660,0.6646
2017-10-05,INFY,EQ,899.6,900.0,904.95,899.0,903.0,903.05,902.78,4305650,388706388260000.0,46048,3573231,0.8299
2017-10-06,INFY,EQ,903.05,904.0,922.0,903.95,920.5,920.15,916.53,4287154,392931514025000.0,76214,2820790,0.658
2017-10-09,INFY,EQ,920.15,920.0,929.0,914.0,924.25,923.9,923.72,1752416,161874628465000.0,39646,1158064,0.6607999999999999
2017-10-10,INFY,EQ,923.9,939.95,939.95,929.55,935.15,935.45,935.46,3571610,334110587630000.0,103093,1997414,0.5592
2017-10-11,INFY,EQ,935.45,935.45,938.0,928.0,930.6,930.7,932.27,2991252,278864777755000.03,95474,2208694,0.7384000000000001
2017-10-12,INFY,EQ,930.7,930.0,934.35,919.55,928.35,927.3,924.62,5140486,475301581985000.06,108653,3208005,0.6241
2017-10-13,INFY,EQ,927.3,932.8,933.5,927.55,929.05,930.1,929.7,3590364,333796843045000.0,104364,2662742,0.7415999999999999
2017-10-16,INFY,EQ,930.1,935.95,942.0,933.0,939.0,939.0,937.81,2879375,270030430565000.0,78589,1957128,0.6797
2017-10-17,INFY,EQ,939.0,936.8,936.8,929.5,930.75,930.5,932.11,2812551,262161161935000.0,77515,2204290,0.7837000000000001
2017-10-18,INFY,EQ,930.5,928.9,930.0,922.95,925.0,924.35,926.7,3615926,335086864310000.0,78889,2866352,0.7927
2017-10-19,INFY,EQ,924.35,930.0,932.0,925.2,927.75,926.95,927.39,545717,50609410255000.0,13886,379479,0.6954000000000001
2017-10-23,INFY,EQ,926.95,930.0,942.0,928.1,940.95,939.5,936.18,4577048,428492033960000.0,105211,3700749,0.8085
2017-10-24,INFY,EQ,939.5,946.0,946.65,921.6,924.35,926.5,933.61,7264664,678234141805000.0,117978,5282209,0.7271
2017-10-25,INFY,EQ,926.5,919.0,944.7,915.25,934.25,935.3,934.05,6992067,653097325965000.0,176833,4211146,0.6023
2017-10-26,INFY,EQ,935.3,942.0,951.8,940.1,948.55,947.35,946.46,16829629,1592859728560000.0,144857,13667670,0.8120999999999999
2017-10-27,INFY,EQ,947.35,955.0,957.7,944.0,947.0,946.35,948.86,4262478,404449515220000.0,108092,3305472,0.7755
2017-10-30,INFY,EQ,946.35,954.65,954.65,941.05,943.9,944.1,946.96,6484163,614023851645000.0,120848,5395557,0.8321
2017-10-31,INFY,EQ,944.1,925.0,930.0,920.0,922.0,921.85,924.74,4977494,460289734535000.06,68301,3547519,0.7127
2017-11-01,INFY,EQ,921.85,925.0,929.4,923.3,926.0,927.05,925.92,2816567,260790411305000.03,59211,2042973,0.7253000000000001
2017-11-02,INFY,EQ,927.05,923.05,926.0,920.0,923.1,922.9,923.13,2343069,216295567844999.97,81286,1802504,0.7693000000000001
2017-11-03,INFY,EQ,922.9,917.0,929.9,916.95,926.8,926.65,926.37,1849543,171335395270000.0,51904,1193264,0.6452
2017-11-06,INFY,EQ,926.65,923.15,935.0,922.65,928.8,928.7,927.57,2533267,234978238105000.03,69707,2018399,0.7968000000000001
2017-11-07,INFY,EQ,928.7,926.25,960.0,925.85,955.35,955.5,951.18,6721410,639328543865000.0,145532,4037210,0.6006
2017-11-08,INFY,EQ,955.5,960.25,961.85,947.5,951.95,952.3,955.2,2684997,256471919544999.97,88636,1805469,0.6724
2017-11-09,INFY,EQ,952.3,953.0,963.0,948.25,954.0,954.5,954.92,2361616,225515522350000.0,67747,1533245,0.6492
2017-11-10,INFY,EQ,954.5,958.8,964.35,950.0,963.5,962.05,959.46,3294714,316114450505000.0,63848,2512523,0.7626000000000001
2017-11-13,INFY,EQ,962.05,962.05,969.4,949.35,952.55,951.95,958.24,2510608,240576222340000.0,58964,1661218,0.6617000000000001
2017-11-14,INFY,EQ,951.95,951.95,954.85,943.25,949.1,949.1,948.44,2866855,271905288800000.0,74967,2228100,0.7772
2017-11-15,INFY,EQ,949.1,945.15,953.5,944.5,950.75,951.8,950.67,3511758,333852249390000.0,98311,2786780,0.7936
2017-11-16,INFY,EQ,951.8,951.8,995.9,948.5,989.95,988.4,978.58,7843751,767573406495000.0,224690,4903542,0.6252000000000001
2017-11-17,INFY,EQ,988.4,985.5,985.5,965.15,965.5,970.95,974.04,4028835,392426339645000.0,178425,2591711,0.6433
2017-11-20,INFY,EQ,970.95,969.0,971.0,957.25,960.95,960.55,961.63,2830595,272197156580000.03,66198,1831803,0.6470999999999999
2017-11-21,INFY,EQ,960.55,961.3,971.5,960.05,965.5,966.25,966.87,2682328,259346914444999.97,74479,1805267,0.6729999999999999
2017-11-22,INFY,EQ,966.25,966.6,971.05,963.3,965.3,966.3,966.54,3042460,294066955280000.0,57418,2449238,0.805
2017-11-23,INFY,EQ,966.3,971.5,994.45,969.0,991.15,991.25,984.7,5947309,585629170760000.0,141525,3359566,0.5649000000000001
2017-11-24,INFY,EQ,991.25,990.9,1019.3,990.2,1008.0,1009.55,1010.09,9309956,940391299165000.0,180427,5767868,0.6195
2017-11-27,INFY,EQ,1009.55,1006.7,1006.7,993.3,996.55,998.75,997.92,3008865,300260759765000.0,75428,1732581,0.5758
2017-11-28,INFY,EQ,998.75,994.4,999.9,981.3,982.15,984.7,988.73,2308434,228240644585000.0,61722,1311641,0.5682
2017-11-29,INFY,EQ,984.7,987.65,991.95,980.3,983.5,982.7,984.37,1919035,188903257575000.0,50324,896450,0.4671
2017-11-30,INFY,EQ,982.7,989.45,989.45,968.35,972.5,976.1,978.17,8633472,844501064415000.0,126288,5893906,0.6827
2017-12-01,INFY,EQ,976.1,979.4,983.2,957.05,960.0,958.8,966.26,2042500,197359061045000.0,49881,1012750,0.4958
2017-12-04,INFY,EQ,958.8,980.0,996.8,968.55,984.4,985.35,985.73,8905803,877867787085000.0,150296,3727405,0.41850000000000004
2017-12-05,INFY,EQ,985.35,985.35,1003.0,979.0,984.3,984.35,990.92,4988369,494309529560000.06,106371,2190959,0.43920000000000003
2017-12-06,INFY,EQ,984.35,985.0,994.1,984.0,987.8,990.3,989.37,3745047,370525109015000.0,121883,2367807,0.6323
2017-12-07,INFY,EQ,990.3,989.0,1002.9,985.6,999.85,999.8,995.95,3774772,375949203170000.0,106502,2442675,0.6470999999999999
2017-12-08,INFY,EQ,999.8,1001.0,1007.0,995.0,999.4,1001.85,1002.25,2991622,299834394110000.0,109714,2139664,0.7152
2017-12-11,INFY,EQ,1001.85,994.95,1006.9,993.95,1005.4,1005.3,1000.75,2569549,257148566719999.97,64951,1914506,0.7451000000000001
2017-12-12,INFY,EQ,1005.3,1002.0,1014.0,1002.0,1010.5,1010.5,1009.41,4660217,470406652900000.0,125676,3609637,0.7746
2017-12-13,INFY,EQ,1010.5,1010.9,1019.0,997.65,1005.0,1003.75,1010.55,2681199,270948201330000.03,89418,1495614,0.5578000000000001
2017-12-14,INFY,EQ,1003.75,1005.25,1015.0,999.3,1012.3,1013.1,1010.36,3011786,304297653700000.0,97393,1876813,0.6232
2017-12-15,INFY,EQ,1013.1,1013.0,1026.4,1011.85,1019.0,1022.9,1019.21,5192067,529180916455000.0,117970,3887254,0.7487
2017-12-18,INFY,EQ,1022.9,1011.9,1030.7,1005.8,1014.0,1016.6,1019.42,2017724,205690571455000.0,67395,841209,0.4169
2017-12-19,INFY,EQ,1016.6,1017.45,1017.95,999.55,1006.65,1003.95,1007.23,3559449,358517363340000.0,87491,2335815,0.6562
2017-12-20,INFY,EQ,1003.95,1005.1,1018.6,1001.0,1016.35,1015.85,1011.09,2093163,211637440690000.0,68366,1233741,0.5894
2017-12-21,INFY,EQ,1015.85,1014.8,1028.95,998.4,1021.5,1022.05,1014.97,5529581,561235929845000.0,132258,2881998,0.5212
2017-12-22,INFY,EQ,1022.05,1016.0,1044.8,1016.0,1037.85,1039.35,1035.23,6453470,668083853795000.0,148038,4301144,0.6665000000000001
2017-12-26,INFY,EQ,1039.35,1030.0,1041.5,1023.0,1035.0,1035.6,1034.88,5404453,559298061445000.0,137301,3845765,0.7116
2017-12-27,INFY,EQ,1035.6,1028.0,1039.1,1027.4,1034.0,1034.25,1034.0,3485086,360359131475000.0,101607,2483152,0.7125
2017-12-28,INFY,EQ,1034.25,1030.0,1040.0,1023.8,1030.0,1033.25,1034.41,4216736,436182578914999.94,107124,3236750,0.7676000000000001
2017-12-29,INFY,EQ,1033.25,1030.1,1048.8,1030.0,1041.25,1042.05,1041.38,3300884,343746162640000.0,83693,2238793,0.6781999999999999
2018-01-01,INFY,EQ,1042.05,1037.7,1044.5,1030.0,1032.15,1033.55,1036.23,2715670,281404558435000.0,65839,1776744,0.6543000000000001
2018-01-02,INFY,EQ,1033.55,1037.25,1042.0,1023.0,1028.3,1029.7,1031.43,3056124,315217505855000.0,122157,2066488,0.6762
2018-01-03,INFY,EQ,1029.7,1028.5,1031.6,1018.6,1022.0,1021.3,1022.55,3423276,350047531880000.0,132588,2428553,0.7094
2018-01-04,INFY,EQ,1021.3,1021.0,1021.0,1009.6,1015.0,1015.4,1014.48,4473807,453856605810000.06,81236,3101206,0.6931999999999999
2018-01-05,INFY,EQ,1015.4,1015.3,1026.4,1006.0,1014.25,1012.0,1012.92,5512988,558419377375000.0,134727,3907486,0.7088
2018-01-08,INFY,EQ,1012.0,1024.9,1039.0,1020.05,1035.2,1036.05,1029.31,2797345,287933734620000.0,73704,1672022,0.5977
2018-01-09,INFY,EQ,1036.05,1040.0,1044.9,1028.9,1039.0,1041.35,1036.46,4974118,515547037889999.94,119611,3285996,0.6606000000000001
2018-01-10,INFY,EQ,1041.35,1046.8,1056.0,1033.05,1053.0,1052.25,1043.96,4734317,494242149564999.94,100562,2588309,0.5467000000000001
2018-01-11,INFY,EQ,1052.25,1055.25,1083.4,1055.25,1076.5,1075.8,1069.86,8387735,897369687615000.0,134085,5432620,0.6476999999999999
2018-01-12,INFY,EQ,1075.8,1085.8,1085.9,1070.55,1078.65,1078.45,1077.02,9008264,970206854054999.9,138377,6331013,0.7028
2018-01-15,INFY,EQ,1078.45,1080.0,1092.95,1065.1,1081.0,1081.15,1080.89,5324625,575534384860000.0,132189,2580059,0.48460000000000003
2018-01-16,INFY,EQ,1081.15,1081.25,1134.8,1081.25,1125.0,1122.85,1116.71,11323483,1264506468375000.0,222629,5830742,0.5149
2018-01-17,INFY,EQ,1122.85,1124.85,1161.8,1123.0,1148.0,1152.1,1150.95,13077044,1505107512295000.0,331838,8123219,0.6212
2018-01-18,INFY,EQ,1152.1,1145.0,1164.9,1132.1,1152.0,1152.7,1148.19,6602485,758088644615000.0,148758,4382098,0.6637000000000001
2018-01-19,INFY,EQ,1152.7,1145.0,1147.9,1136.0,1145.9,1143.45,1142.09,2994139,341957844960000.0,104184,1946826,0.6502
2018-01-22,INFY,EQ,1143.45,1132.15,1156.95,1132.0,1148.1,1150.0,1144.31,4825107,552142725910000.06,136884,3164249,0.6558
2018-01-23,INFY,EQ,1150.0,1155.0,1188.0,1155.0,1176.0,1177.1,1176.85,7701898,906394590115000.0,178542,4413789,0.5731
2018-01-24,INFY,EQ,1177.1,1174.8,1221.05,1167.5,1182.85,1185.8,1195.52,10302359,1231670090955000.0,204464,5942177,0.5768
2018-01-25,INFY,EQ,1185.8,1182.0,1183.4,1162.25,1173.7,1175.4,1171.54,6774457,793655000400000.0,137327,4319803,0.6377
2018-01-29,INFY,EQ,1175.4,1166.55,1196.25,1165.2,1180.55,1182.9,1185.12,5411501,641329345950000.0,188700,3575679,0.6607999999999999
2018-01-30,INFY,EQ,1182.9,1178.9,1183.1,1162.7,1168.0,1170.65,1169.32,4314156,504464700650000.0,139977,2953957,0.6847
2018-01-31,INFY,EQ,1170.65,1159.15,1166.6,1142.15,1149.1,1150.25,1153.93,4606849,531599968130000.0,118772,3306082,0.7176
2018-02-01,INFY,EQ,1150.25,1142.2,1157.9,1118.55,1144.0,1144.6,1141.19,6502727,742085313500000.0,147460,3808868,0.5857
2018-02-02,INFY,EQ,1144.6,1135.25,1162.9,1130.1,1145.3,1143.25,1144.88,5122243,586436039980000.0,112441,3377137,0.6593000000000001
2018-02-05,INFY,EQ,1143.25,1140.0,1154.85,1135.85,1139.9,1138.2,1143.33,4930110,563674320535000.0,146880,3737354,0.7581
2018-02-06,INFY,EQ,1138.2,1099.95,1128.35,1095.15,1111.4,1107.75,1113.87,5276039,587680070865000.0,136315,3479245,0.6594
2018-02-07,INFY,EQ,1107.75,1116.0,1124.8,1103.55,1108.0,1109.05,1113.49,4171028,464437862735000.06,147324,2763817,0.6626000000000001
2018-02-08,INFY,EQ,1109.05,1122.8,1146.4,1116.55,1133.0,1134.25,1138.52,4403622,501361314139999.94,105295,2891380,0.6566
2018-02-09,INFY,EQ,1134.25,1118.0,1120.3,1106.0,1112.0,1109.15,1112.64,2191345,243818478565000.0,88836,1186875,0.5416
2018-02-12,INFY,EQ,1109.15,1114.8,1120.6,1097.8,1101.0,1102.8,1106.85,3145986,348214721955000.0,52343,1986846,0.6315
2018-02-14,INFY,EQ,1102.8,1106.0,1117.3,1090.2,1091.0,1097.75,1106.89,4172856,461890528035000.06,113292,3010045,0.7212999999999999
2018-02-15,INFY,EQ,1097.75,1103.0,1129.7,1103.0,1113.5,1114.45,1118.96,3993368,446841399295000.0,99941,2439471,0.6109
2018-02-16,INFY,EQ,1114.45,1125.0,1141.65,1118.1,1124.65,1128.05,1128.32,4944611,557912643435000.06,108882,3112620,0.6295000000000001
2018-02-19,INFY,EQ,1128.05,1128.4,1136.0,1120.3,1134.2,1131.75,1129.16,3230920,364822763325000.0,83364,1826082,0.5652
2018-02-20,INFY,EQ,1131.75,1103.75,1149.5,1103.75,1135.0,1136.95,1141.14,3594297,410161122480000.0,97878,1847456,0.514
2018-02-21,INFY,EQ,1136.95,1147.5,1151.9,1140.0,1145.0,1147.4,1146.98,6885679,789773820720000.0,169230,5474712,0.7951
2018-02-22,INFY,EQ,1147.4,1145.55,1164.0,1140.45,1159.0,1160.75,1157.22,8929987,1033399503710000.0,151810,6801311,0.7615999999999999
2018-02-23,INFY,EQ,1160.75,1163.5,1166.0,1146.75,1154.4,1155.65,1158.08,4729914,547763515505000.0,128746,3177897,0.6718999999999999
2018-02-26,INFY,EQ,1155.65,1151.0,1155.05,1134.35,1139.95,1138.6,1142.81,2541804,290479340975000.0,76083,1626562,0.6399
2018-02-27,INFY,EQ,1138.6,1144.95,1153.65,1125.65,1147.7,1150.2,1139.08,3308013,376810153850000.0,140175,2156356,0.6519
2018-02-28,INFY,EQ,1150.2,1147.6,1189.5,1142.55,1169.85,1172.6,1172.09,8634208,1012003486950000.0,229051,5049780,0.5849000000000001
2018-03-01,INFY,EQ,1172.6,1169.6,1169.6,1156.05,1160.25,1160.75,1161.83,3289926,382233635820000.0,95568,2089661,0.6352000000000001
2018-03-05,INFY,EQ,1160.75,1160.75,1170.8,1143.25,1159.7,1155.9,1158.68,4050728,469351196139999.94,150137,2407810,0.5944
2018-03-06,INFY,EQ,1155.9,1162.55,1165.4,1143.6,1146.25,1151.35,1157.61,3344867,387205467015000.0,123734,2349339,0.7023999999999999
2018-03-07,INFY,EQ,1151.35,1155.0,1160.0,1138.05,1147.8,1144.1,1148.31,3185208,365759484795000.0,91049,2099037,0.659
2018-03-08,INFY,EQ,1144.1,1149.0,1165.8,1149.0,1158.0,1156.65,1158.61,3046507,352972177915000.0,110975,1784229,0.5857
2018-03-09,INFY,EQ,1156.65,1162.35,1166.0,1155.55,1164.0,1163.4,1162.36,2110482,245313890230000.03,83674,1167092,0.5529999999999999
2018-03-12,INFY,EQ,1163.4,1176.0,1191.85,1171.75,1184.0,1185.75,1186.26,3838485,455345640855000.0,82530,2208283,0.5753
2018-03-13,INFY,EQ,1185.75,1180.2,1197.0,1175.15,1182.0,1183.8,1187.19,4290526,509365278145000.0,101093,2931653,0.6833
2018-03-14,INFY,EQ,1183.8,1180.0,1190.6,1169.1,1181.1,1180.8,1180.26,2214855,261411178960000.0,54069,1203746,0.5435
2018-03-15,INFY,EQ,1180.8,1180.0,1188.4,1172.0,1181.9,1182.5,1180.88,3050750,360256998225000.0,49232,2081521,0.6823
2018-03-16,INFY,EQ,1182.5,1182.0,1182.4,1169.25,1170.0,1171.9,1172.96,8977413,1053017725840000.0,156251,7733842,0.8615
2018-03-19,INFY,EQ,1171.9,1164.0,1180.5,1142.65,1148.0,1146.75,1156.94,3763310,435393786164999.94,114366,2314477,0.615
2018-03-20,INFY,EQ,1146.75,1148.6,1170.0,1148.6,1164.55,1164.55,1159.74,4276883,496007650764999.94,111232,3115015,0.7283
2018-03-21,INFY,EQ,1164.55,1170.0,1175.5,1162.2,1166.2,1167.5,1171.53,3846497,450627059339999.94,121529,3113984,0.8096
2018-03-22,INFY,EQ,1167.5,1164.5,1177.45,1155.3,1156.0,1161.3,1167.57,3406584,397743090600000.0,82774,2545448,0.7472
2018-03-23,INFY,EQ,1161.3,1147.0,1173.8,1142.35,1165.0,1167.6,1164.59,6004042,699225428545000.0,117145,4213799,0.7018000000000001
2018-03-26,INFY,EQ,1167.6,1166.9,1166.9,1144.0,1155.6,1155.25,1153.17,4465361,514931713880000.0,101964,3248748,0.7275
2018-03-27,INFY,EQ,1155.25,1160.0,1161.3,1150.1,1152.1,1154.0,1154.45,1901044,219465734575000.0,67860,1174247,0.6177
2018-03-28,INFY,EQ,1154.0,1150.75,1150.75,1126.25,1140.0,1131.8,1136.18,6279161,713425285065000.0,118878,4775433,0.7605
2018-04-02,INFY,EQ,1131.8,1141.0,1149.55,1121.3,1136.7,1137.15,1135.86,4036351,458471691960000.06,142078,2960225,0.7334
2018-04-03,INFY,EQ,1137.15,1134.7,1143.55,1128.1,1139.4,1140.45,1135.21,2038584,231422675744999.97,114034,1366638,0.6704000000000001
2018-04-04,INFY,EQ,1140.45,1144.0,1144.55,1120.0,1122.7,1124.2,1131.81,2406651,272387871294999.97,137029,1472105,0.6117
2018-04-05,INFY,EQ,1124.2,1139.55,1151.3,1129.1,1146.05,1147.55,1140.71,3881772,442799345970000.0,101745,2899162,0.7469
2018-04-06,INFY,EQ,1147.55,1143.0,1146.0,1122.1,1127.55,1127.0,1128.81,2968871,335128504315000.0,137277,1891236,0.637
2018-04-09,INFY,EQ,1127.0,1125.0,1125.8,1106.55,1111.45,1111.25,1113.12,3601441,400883207650000.0,171118,2529586,0.7023999999999999
2018-04-10,INFY,EQ,1111.25,1112.0,1124.5,1105.4,1114.65,1113.4,1115.77,4463029,497972869475000.0,144468,3520250,0.7888
2018-04-11,INFY,EQ,1113.4,1118.0,1131.5,1116.5,1124.5,1124.25,1124.78,4512787,507589157285000.06,102586,3296304,0.7304
2018-04-12,INFY,EQ,1124.25,1129.45,1172.75,1125.0,1164.05,1162.6,1157.71,8522183,986618914665000.0,216130,5624945,0.66
2018-04-13,INFY,EQ,1162.6,1174.0,1185.9,1150.25,1168.0,1171.45,1172.37,10613519,1244292499905000.0,180965,5370870,0.506
2018-04-16,INFY,EQ,1171.45,1102.0,1140.0,1102.0,1134.5,1133.2,1125.66,12372542,1392723619255000.0,201992,5012390,0.4051
2018-04-17,INFY,EQ,1133.2,1127.0,1127.4,1115.0,1124.65,1125.2,1121.63,5198970,583131799590000.0,203792,3086531,0.5937
2018-04-18,INFY,EQ,1125.2,1122.85,1134.75,1113.85,1125.95,1125.95,1124.27,5215190,586330578710000.0,121114,3220905,0.6176
2018-04-19,INFY,EQ,1125.95,1124.0,1139.8,1123.1,1133.4,1132.85,1132.61,4262771,482803590370000.0,119470,3277709,0.7689
2018-04-20,INFY,EQ,1132.85,1139.0,1193.7,1136.95,1179.65,1178.45,1171.78,12136346,1422107074195000.0,213680,7374221,0.6076
2018-04-23,INFY,EQ,1178.45,1168.0,1214.4,1155.25,1185.95,1187.7,1186.79,10915319,1295418038105000.0,190031,5762099,0.5279
2018-04-24,INFY,EQ,1187.7,1185.0,1196.4,1150.1,1154.25,1154.5,1168.64,4263108,498203981120000.0,87918,2175530,0.5103
2018-04-25,INFY,EQ,1154.5,1152.0,1171.0,1145.2,1155.95,1160.35,1160.85,5797089,672954626495000.0,122892,3549969,0.6124
2018-04-26,INFY,EQ,1160.35,1174.0,1181.65,1160.0,1177.05,1176.45,1172.76,5651042,662732294500000.0,120489,3710955,0.6567000000000001
2018-04-27,INFY,EQ,1176.45,1180.0,1191.6,1174.2,1184.65,1185.2,1183.9,3831685,453632175330000.0,103259,2521063,0.658
2018-04-30,INFY,EQ,1185.2,1181.7,1207.95,1180.65,1199.95,1199.5,1199.78,2755839,330640400025000.0,80599,1748528,0.6345000000000001
2018-05-02,INFY,EQ,1199.5,1198.9,1201.6,1181.0,1192.1,1197.05,1192.72,5147521,613957265250000.0,98610,3916029,0.7608
2018-05-03,INFY,EQ,1197.05,1197.25,1204.7,1176.1,1178.0,1182.55,1195.66,2666115,318776154630000.0,114003,1634945,0.6132
2018-05-04,INFY,EQ,1182.55,1185.0,1186.0,1155.0,1169.6,1173.1,1165.5,3011684,351012924885000.0,92619,1501133,0.49840000000000007
2018-05-07,INFY,EQ,1173.1,1181.25,1190.0,1175.5,1184.0,1183.0,1181.67,2319480,274085760455000.03,66189,1381557,0.5956
2018-05-08,INFY,EQ,1183.0,1177.9,1177.9,1161.05,1167.5,1165.55,1167.51,2859278,333824617935000.0,121067,1833756,0.6413
2018-05-09,INFY,EQ,1165.55,1167.5,1176.9,1163.0,1172.0,1170.7,1169.95,1891752,221326004680000.03,50914,1226653,0.6484000000000001
2018-05-10,INFY,EQ,1170.7,1176.0,1183.0,1162.85,1170.0,1168.0,1173.06,1591431,186684383975000.0,55801,925580,0.5816
2018-05-11,INFY,EQ,1168.0,1172.3,1183.2,1166.05,1180.6,1180.75,1174.3,1655853,194446507745000.0,51911,1040917,0.6286
2018-05-14,INFY,EQ,1180.75,1184.35,1191.5,1170.0,1190.5,1189.3,1184.18,2216047,262419163090000.0,118716,1385502,0.6252000000000001
2018-05-15,INFY,EQ,1189.3,1188.1,1208.0,1188.1,1195.2,1194.55,1196.6,2805987,335765492505000.0,169798,1400617,0.49920000000000003
2018-05-16,INFY,EQ,1194.55,1187.25,1198.0,1184.5,1190.7,1189.95,1191.85,3102502,369771811985000.0,80951,2232738,0.7197
2018-05-17,INFY,EQ,1189.95,1196.0,1197.45,1173.55,1180.0,1182.9,1186.19,4759799,564603390560000.0,108694,3495536,0.7343999999999999
2018-05-18,INFY,EQ,1182.9,1183.0,1186.55,1173.0,1180.0,1183.2,1181.08,3569830,421624221660000.0,118691,2739080,0.7673000000000001
2018-05-21,INFY,EQ,1183.2,1179.55,1188.4,1170.0,1183.2,1179.5,1182.21,4237660,500980496980000.0,94593,3233546,0.763
2018-05-22,INFY,EQ,1179.5,1175.0,1198.0,1173.9,1195.0,1193.85,1189.56,2818402,335266414955000.0,92075,1959648,0.6953
2018-05-23,INFY,EQ,1193.85,1195.0,1207.65,1181.5,1182.95,1184.9,1198.4,4769221,571543318390000.0,155510,3565469,0.7476
2018-05-24,INFY,EQ,1184.9,1198.0,1227.55,1198.0,1220.0,1221.0,1217.23,4870285,592823618995000.0,115622,2635888,0.5412
2018-05-25,INFY,EQ,1221.0,1230.1,1248.65,1220.8,1229.55,1228.3,1239.09,4450719,551486130764999.94,165203,2833196,0.6365999999999999
2018-05-28,INFY,EQ,1228.3,1231.0,1232.6,1206.0,1212.1,1214.4,1218.07,2869897,349573464905000.0,114363,1860121,0.6481
2018-05-29,INFY,EQ,1214.4,1214.05,1226.55,1206.2,1219.9,1216.7,1214.01,1694467,205710721810000.0,97963,1020909,0.6025
2018-05-30,INFY,EQ,1216.7,1217.0,1228.75,1205.6,1210.4,1211.7,1214.64,3161533,384010918200000.0,113600,1820341,0.5758
2018-05-31,INFY,EQ,1211.7,1211.7,1242.0,1210.25,1238.0,1231.8,1230.2,9860170,1212996828930000.0,163732,6917924,0.7016
2018-06-01,INFY,EQ,1231.8,1230.4,1246.25,1217.2,1222.2,1220.8,1229.79,2499178,307346673070000.0,81969,1396541,0.5588000000000001
2018-06-04,INFY,EQ,1220.8,1221.1,1243.0,1212.0,1241.0,1239.4,1233.14,2135078,263284847410000.0,69180,1356014,0.6351
2018-06-05,INFY,EQ,1239.4,1242.0,1242.0,1217.0,1218.85,1220.85,1226.49,2355431,288892417160000.0,85171,1469405,0.6238
2018-06-06,INFY,EQ,1220.85,1225.2,1241.55,1220.05,1238.1,1237.45,1234.18,2019092,249192986955000.03,98002,1157667,0.5734
2018-06-07,INFY,EQ,1237.45,1238.0,1258.0,1238.0,1249.3,1252.45,1252.57,3338113,418121025215000.0,106204,1876344,0.5621
2018-06-08,INFY,EQ,1252.45,1248.0,1262.0,1246.05,1258.8,1260.05,1257.48,3229939,406157469205000.0,146437,2152796,0.6665000000000001
2018-06-11,INFY,EQ,1260.05,1265.55,1270.0,1255.05,1261.0,1262.4,1262.71,2585645,326492342100000.0,94087,1883057,0.7283
2018-06-12,INFY,EQ,1262.4,1265.75,1271.25,1250.45,1259.0,1258.5,1258.01,3919910,493130015635000.06,90357,2684852,0.6849
2018-06-13,INFY,EQ,1258.5,1266.8,1284.0,1266.8,1275.0,1274.8,1275.2,2883464,367698207380000.0,110178,1736971,0.6024
2018-06-14,INFY,EQ,1274.8,1253.0,1253.0,1234.1,1240.0,1239.7,1242.78,3799424,472184371085000.06,142371,2234217,0.588
2018-06-15,INFY,EQ,1239.7,1237.0,1291.5,1235.0,1288.8,1281.25,1267.1,9978880,1264428528380000.0,156513,7198132,0.7212999999999999
2018-06-18,INFY,EQ,1281.25,1284.0,1291.25,1262.35,1264.5,1267.4,1273.18,4107423,522949947064999.94,127326,2705510,0.6587000000000001
2018-06-19,INFY,EQ,1267.4,1263.0,1263.4,1238.05,1242.0,1241.6,1244.36,3772850,469478685410000.06,148052,2625680,0.6959000000000001
2018-06-20,INFY,EQ,1241.6,1248.5,1252.35,1238.0,1241.45,1243.15,1245.07,2685901,334414000385000.0,92693,1763850,0.6567000000000001
2018-06-21,INFY,EQ,1243.15,1245.95,1256.5,1236.0,1246.55,1246.55,1247.63,2899395,361738365080000.0,138481,1939037,0.6688
2018-06-22,INFY,EQ,1246.55,1243.0,1255.5,1241.2,1246.4,1247.85,1249.94,2171559,271431266980000.03,91644,1545127,0.7115
2018-06-25,INFY,EQ,1247.85,1257.15,1278.8,1254.0,1269.7,1272.45,1271.05,3865589,491336382980000.0,137153,2105988,0.5448
2018-06-26,INFY,EQ,1272.45,1269.0,1283.9,1266.25,1280.05,1277.85,1277.24,2241752,286325890705000.0,102746,1303651,0.5815
2018-06-27,INFY,EQ,1277.85,1283.95,1293.45,1265.6,1271.5,1270.0,1281.92,3476071,445604939289999.94,107138,2254625,0.6486
2018-06-28,INFY,EQ,1270.0,1276.3,1298.0,1276.25,1284.3,1289.6,1290.08,5498409,709338005890000.0,159341,2847254,0.5178
2018-06-29,INFY,EQ,1289.6,1298.05,1315.0,1283.25,1310.65,1307.2,1298.31,4983300,646989105000000.0,164216,3050563,0.6122
2018-07-02,INFY,EQ,1307.2,1314.0,1340.0,1314.0,1337.8,1334.7,1325.09,2415072,320019581350000.0,80512,1157363,0.4792
2018-07-03,INFY,EQ,1334.7,1331.9,1357.9,1331.75,1355.5,1353.75,1347.06,4063726,547410184885000.06,140810,2374717,0.5844
2018-07-04,INFY,EQ,1353.75,1352.05,1352.65,1338.85,1348.4,1345.2,1345.49,2512861,338102380465000.0,156409,1610582,0.6409
2018-07-05,INFY,EQ,1345.2,1347.1,1347.25,1268.1,1286.5,1284.0,1290.51,8509951,1098214428860000.0,274864,4498851,0.5287
2018-07-06,INFY,EQ,1284.0,1290.25,1301.85,1269.0,1285.15,1284.25,1281.04,5607678,718368302200000.0,181138,3185846,0.5681
2018-07-09,INFY,EQ,1284.25,1297.0,1303.0,1279.05,1301.2,1298.85,1294.01,3322499,429934043535000.06,95341,1941581,0.5844
2018-07-10,INFY,EQ,1298.85,1308.5,1315.45,1294.3,1299.1,1301.4,1305.09,2987244,389861317815000.0,109336,1551472,0.5194
2018-07-11,INFY,EQ,1301.4,1317.55,1342.1,1291.35,1319.0,1320.45,1317.22,5949916,783736226205000.0,131426,2520702,0.42369999999999997
2018-07-12,INFY,EQ,1320.45,1326.1,1327.1,1284.45,1295.0,1294.35,1299.24,6636120,862190652625000.0,189258,3884375,0.5853
2018-07-13,INFY,EQ,1294.35,1315.0,1331.6,1298.35,1323.0,1317.4,1315.39,9748079,1282250374605000.0,205562,4621538,0.47409999999999997
2018-07-16,INFY,EQ,1317.4,1317.4,1384.4,1287.7,1336.0,1332.85,1345.93,17672340,2378564747595000.0,357607,5265555,0.298
2018-07-17,INFY,EQ,1332.85,1329.7,1349.5,1312.7,1327.3,1327.9,1333.08,5580845,743972178185000.0,114793,2701704,0.4841
2018-07-18,INFY,EQ,1327.9,1339.8,1343.4,1314.0,1323.0,1322.55,1325.16,3459508,458440527650000.0,134074,1682833,0.4864
2018-07-19,INFY,EQ,1322.55,1323.0,1331.9,1309.1,1315.95,1316.7,1318.01,2559432,337334780070000.0,133339,1483151,0.5795
2018-07-20,INFY,EQ,1316.7,1326.0,1367.15,1321.3,1352.0,1348.1,1352.12,5852869,791378203685000.0,149871,2819424,0.4817
2018-07-23,INFY,EQ,1348.1,1352.15,1368.0,1336.25,1351.9,1355.95,1350.21,3837851,518188647825000.0,104002,2443216,0.6365999999999999
2018-07-24,INFY,EQ,1355.95,1374.4,1382.4,1356.0,1375.35,1377.15,1368.92,3086123,422464837880000.0,104916,1877815,0.6085
2018-07-25,INFY,EQ,1377.15,1379.0,1393.8,1365.45,1381.15,1383.75,1383.06,3468461,479708571395000.0,110230,1922712,0.5543
2018-07-26,INFY,EQ,1383.75,1378.55,1390.4,1369.2,1373.7,1373.25,1377.36,3681109,507022847720000.0,139712,2424410,0.6586
2018-07-27,INFY,EQ,1373.25,1373.2,1389.0,1368.3,1371.2,1373.45,1377.08,3246616,447084881500000.0,101649,2173390,0.6694
2018-07-30,INFY,EQ,1373.45,1370.0,1373.0,1348.0,1351.0,1351.0,1356.75,3204985,434835864500000.0,193055,2451679,0.765
2018-07-31,INFY,EQ,1351.0,1348.55,1370.0,1335.55,1368.0,1365.1,1351.3,3971998,536735770450000.0,122270,2765105,0.6961
2018-08-01,INFY,EQ,1365.1,1363.8,1368.45,1351.0,1352.0,1354.05,1355.85,2337853,316978127290000.0,106719,1654129,0.7075
2018-08-02,INFY,EQ,1354.05,1359.6,1366.75,1350.15,1353.4,1353.65,1357.31,2970371,403171929670000.0,87744,2138372,0.7199
2018-08-03,INFY,EQ,1353.65,1366.2,1366.2,1356.0,1365.75,1364.1,1361.34,1985195,270251581615000.0,70696,1384580,0.6975
2018-08-06,INFY,EQ,1364.1,1366.05,1375.0,1347.5,1364.0,1360.65,1358.6,3089465,419734518720000.0,68270,2128983,0.6890999999999999
2018-08-07,INFY,EQ,1360.65,1374.0,1379.95,1360.65,1367.0,1367.95,1366.36,3675764,502242626089999.94,100730,1600841,0.4355
2018-08-08,INFY,EQ,1367.95,1371.8,1372.5,1353.3,1362.0,1362.75,1362.16,1996179,271910939250000.0,80731,1405581,0.7041
2018-08-09,INFY,EQ,1362.75,1373.65,1389.45,1373.65,1379.2,1379.95,1381.59,3204762,442768163270000.0,134300,2092586,0.653
2018-08-10,INFY,EQ,1379.95,1385.8,1389.0,1373.05,1382.25,1385.45,1380.64,2389760,329940106430000.0,82581,1661604,0.6953
2018-08-13,INFY,EQ,1385.45,1390.0,1409.85,1378.7,1408.0,1408.75,1401.07,4989873,699114098200000.0,138356,2323354,0.4656
2018-08-14,INFY,EQ,1408.75,1413.95,1424.55,1404.0,1407.45,1408.3,1414.34,3075660,435001445264999.94,102688,1670272,0.5431
2018-08-16,INFY,EQ,1408.3,1414.95,1434.9,1411.25,1429.0,1429.55,1426.82,3313387,472759721035000.06,115380,2278814,0.6878000000000001
2018-08-17,INFY,EQ,1429.55,1430.9,1437.65,1423.0,1426.55,1430.35,1430.85,3195204,457185669139999.94,122779,2222525,0.6956
2018-08-20,INFY,EQ,1430.35,1388.0,1407.95,1373.5,1388.2,1384.25,1389.04,8050938,1118309386829999.9,249766,3747784,0.46549999999999997
2018-08-21,INFY,EQ,1384.25,1390.0,1396.0,1373.75,1386.0,1383.95,1381.18,4180741,577433864990000.0,126003,2280633,0.5455
2018-08-23,INFY,EQ,1383.95,1393.0,1401.5,1385.35,1400.0,1397.4,1392.99,3858591,537499320089999.94,180710,2737234,0.7094
2018-08-24,INFY,EQ,1397.4,1396.5,1401.9,1376.1,1379.35,1378.3,1386.47,3526500,488939460100000.0,109805,2049349,0.5811000000000001
2018-08-27,INFY,EQ,1378.3,1383.0,1419.95,1381.4,1416.0,1415.4,1406.0,3506475,493009175060000.06,132478,2245599,0.6404000000000001
2018-08-28,INFY,EQ,1415.4,1417.2,1438.4,1411.5,1425.0,1424.7,1427.92,3248445,463852492910000.06,100357,1773021,0.5458
2018-08-29,INFY,EQ,1424.7,1433.6,1433.6,1405.15,1411.0,1410.1,1412.92,2823248,398901065535000.0,89895,1719084,0.6089
2018-08-30,INFY,EQ,1410.1,1412.8,1421.55,1396.15,1418.1,1416.2,1411.92,5753981,812416089405000.0,96074,4034348,0.7011000000000001
2018-08-31,INFY,EQ,1416.2,1425.1,1454.3,1421.1,1440.0,1441.1,1439.05,5437932,782543713785000.0,124025,3589092,0.66
2018-09-03,INFY,EQ,1441.1,1449.0,1467.9,1430.0,1436.2,1434.25,1451.3,5488164,796496627270000.0,134643,3571594,0.6508
2018-09-04,INFY,EQ,1434.25,722.0,748.5,716.0,733.0,737.15,739.04,15370124,1135915659875000.0,258728,6954062,0.4524
2018-09-05,INFY,EQ,737.15,741.95,744.05,725.4,729.0,729.9,734.79,8658978,636253953515000.0,202826,3839883,0.4435
2018-09-06,INFY,EQ,729.9,732.55,735.5,724.1,726.0,727.15,730.17,5598659,408798868240000.0,134849,3493840,0.624
2018-09-07,INFY,EQ,727.15,734.35,735.15,723.8,734.0,732.8,730.95,6510605,475893685535000.06,190264,3810992,0.5854
2018-09-10,INFY,EQ,732.8,737.75,747.0,729.4,733.4,730.85,736.29,5629871,414524523640000.0,112735,3209244,0.5700000000000001
2018-09-11,INFY,EQ,730.85,735.9,744.75,732.0,733.7,734.3,738.58,6963561,514314575550000.0,137146,3665363,0.5264
2018-09-12,INFY,EQ,734.3,744.4,746.5,736.25,740.9,742.9,741.14,4636617,343637009935000.0,144311,2545066,0.5489
2018-09-14,INFY,EQ,742.9,741.9,745.0,729.05,735.0,733.7,735.78,7896514,581011848335000.0,191430,4669337,0.5913
2018-09-17,INFY,EQ,733.7,735.0,740.0,724.6,726.9,725.95,730.79,5427054,396601345615000.0,124216,2572371,0.474
2018-09-18,INFY,EQ,725.95,730.0,730.0,717.0,720.0,719.1,720.33,7729732,556795178864999.94,116715,2039349,0.2638
2018-09-19,INFY,EQ,719.1,727.0,727.0,713.2,719.6,719.75,719.4,4849498,348875129915000.0,142071,2917751,0.6017
2018-09-21,INFY,EQ,719.75,713.85,717.4,692.0,710.0,705.3,706.4,14350769,1013737869365000.0,238115,9880217,0.6885
2018-09-24,INFY,EQ,705.3,706.5,729.95,706.5,719.95,718.25,721.56,8637881,623273876295000.0,183918,5604772,0.6489
2018-09-25,INFY,EQ,718.25,718.25,736.0,717.0,726.0,726.2,727.76,9602273,698819486140000.0,223780,5283327,0.5502
2018-09-26,INFY,EQ,726.2,731.2,731.85,712.0,719.9,717.85,720.78,6599606,475687782414999.94,110456,4301995,0.6519
2018-09-27,INFY,EQ,717.85,722.0,730.8,717.45,724.3,724.8,724.8,14592616,1057673325170000.1,147797,10485355,0.7184999999999999
2018-09-28,INFY,EQ,724.8,721.0,734.55,715.2,731.7,730.05,727.98,7490031,545262979950000.0,166682,4590662,0.6129
2018-10-01,INFY,EQ,730.05,737.5,754.9,733.0,742.95,746.65,745.05,8252398,614848423910000.0,160489,4483016,0.5432
2018-10-03,INFY,EQ,746.65,743.8,751.95,726.3,728.55,728.5,738.21,7792464,575248010025000.0,184479,4931984,0.6329
2018-10-04,INFY,EQ,728.5,728.5,729.75,702.5,711.0,707.2,711.02,6173037,438915956089999.94,150299,3617395,0.5860000000000001
2018-10-05,INFY,EQ,707.2,713.0,731.5,709.3,722.5,724.6,717.57,8543578,613058998125000.0,141622,4727502,0.5533
2018-10-08,INFY,EQ,724.6,725.05,728.7,709.25,714.65,714.45,717.09,7259306,520558186189999.94,244347,4344672,0.5985
2018-10-09,INFY,EQ,714.45,717.1,722.4,702.65,721.0,717.75,711.05,6777212,481890357680000.0,116349,3665401,0.5408
2018-10-10,INFY,EQ,717.75,719.9,719.9,695.4,700.35,700.45,703.19,8866251,623470003275000.0,219744,4098711,0.4623
2018-10-11,INFY,EQ,700.45,685.0,692.9,663.3,675.4,673.35,676.06,10985897,742715038005000.0,285534,5910635,0.538
2018-10-12,INFY,EQ,673.35,676.4,684.05,661.5,678.15,678.8,673.71,8909221,600226806680000.0,214848,4229073,0.4747
2018-10-15,INFY,EQ,678.8,688.6,705.0,681.5,703.5,698.8,691.39,6222176,430195221064999.94,121763,3187712,0.5123
2018-10-16,INFY,EQ,698.8,710.0,713.9,689.4,692.0,695.25,702.32,11588963,813919732070000.0,266266,4829861,0.4168
2018-10-17,INFY,EQ,695.25,710.0,721.8,701.35,705.5,705.35,711.55,20360697,1448762878505000.0,280701,8842531,0.4343
2018-10-19,INFY,EQ,705.35,687.0,687.7,678.0,683.5,683.55,682.35,10421001,711075725065000.0,245258,6658247,0.6389
2018-10-22,INFY,EQ,683.55,688.7,695.05,673.8,680.5,679.95,679.08,6672840,453138146230000.0,118989,4592757,0.6883
2018-10-23,INFY,EQ,679.95,675.95,682.0,653.3,663.05,657.6,663.77,9041701,600159144755000.0,206699,6249984,0.6912
2018-10-24,INFY,EQ,657.6,663.0,666.5,647.15,650.0,649.8,653.45,7058164,461212716425000.0,151398,4319821,0.612
2018-10-25,INFY,EQ,649.8,643.0,656.35,636.25,647.3,648.75,647.53,8270469,535533930935000.06,196622,5315499,0.6426999999999999
2018-10-26,INFY,EQ,648.75,645.3,648.7,629.9,634.05,633.6,636.49,5464141,347786447215000.0,111447,3187130,0.5833
2018-10-29,INFY,EQ,633.6,633.7,650.55,631.5,646.1,644.75,637.82,7137446,455238911760000.06,123494,5228816,0.7326
2018-10-30,INFY,EQ,644.75,641.1,663.8,637.45,658.9,659.6,657.39,8793411,578067804035000.0,148842,5764870,0.6556000000000001
2018-10-31,INFY,EQ,659.6,663.9,692.95,663.05,685.95,686.4,681.52,11947995,814284424020000.0,223319,7659197,0.6409999999999999
2018-11-01,INFY,EQ,686.4,689.7,689.7,659.6,667.0,666.7,671.01,5860244,393227678420000.0,125725,3282959,0.5602
2018-11-02,INFY,EQ,666.7,665.95,675.8,660.1,663.2,662.25,665.4,6654067,442764240545000.0,148487,3761960,0.5654
2018-11-05,INFY,EQ,662.25,663.5,668.6,657.0,663.7,666.0,662.36,5799426,384130750055000.0,140183,3670964,0.633
2018-11-06,INFY,EQ,666.0,667.9,675.0,660.65,667.1,666.45,668.4,6975525,466244509380000.0,240509,4371014,0.6265999999999999
2018-11-07,INFY,EQ,666.45,673.0,677.5,672.0,677.45,675.5,674.86,758956,51218850070000.0,31522,307741,0.40549999999999997
2018-11-09,INFY,EQ,675.5,679.0,679.0,655.5,658.7,659.5,661.4,9694143,641172414630000.0,244092,7091290,0.7315
2018-11-12,INFY,EQ,659.5,666.0,676.4,662.3,665.05,664.2,669.82,7118080,476783230189999.94,120785,3845132,0.5402
2018-11-13,INFY,EQ,664.2,663.5,667.75,656.3,664.45,665.7,663.83,4137808,274678246075000.0,129103,2641999,0.6385000000000001
2018-11-14,INFY,EQ,665.7,665.7,665.7,640.5,652.4,653.2,648.72,7323026,475059951635000.06,174358,4361316,0.5956
2018-11-15,INFY,EQ,653.2,654.0,666.0,646.7,655.65,656.4,660.71,5513390,364273819620000.0,130605,3270275,0.5932000000000001
2018-11-16,INFY,EQ,656.4,659.9,662.5,644.2,652.0,650.85,649.95,8583785,557905317514999.94,153414,5561153,0.6479
2018-11-19,INFY,EQ,650.85,659.0,662.0,649.25,651.95,651.7,652.75,6018930,392888048215000.0,96075,4076816,0.6773
2018-11-20,INFY,EQ,651.7,651.7,656.0,640.1,640.6,641.4,645.31,5384830,347489974035000.0,105300,3188270,0.5921000000000001
2018-11-21,INFY,EQ,641.4,640.0,640.05,612.1,619.5,619.1,618.73,14359086,888440104440000.0,306110,7301207,0.5085000000000001
2018-11-22,INFY,EQ,619.1,622.25,628.15,616.75,620.85,620.75,623.11,6632975,413309949200000.0,120189,3211872,0.4842
2018-11-26,INFY,EQ,620.75,621.0,628.0,599.85,621.2,621.45,613.78,15075209,925289470060000.0,263089,8758922,0.5810000000000001
2018-11-27,INFY,EQ,621.45,625.5,641.0,625.3,641.0,638.9,634.88,12285851,780004073095000.0,200385,7331501,0.5967
2018-11-28,INFY,EQ,638.9,640.95,668.7,640.0,664.5,666.4,659.36,17719890,1168370617725000.0,310146,10672554,0.6023
2018-11-29,INFY,EQ,666.4,671.0,674.9,658.8,665.0,661.05,667.03,13399070,893760921940000.0,170549,7390099,0.5515
2018-11-30,INFY,EQ,661.05,661.0,672.0,660.95,670.0,667.45,667.52,10445773,697274071030000.0,118396,6667707,0.6383
2018-12-03,INFY,EQ,667.45,673.15,679.0,665.95,672.45,670.35,670.58,8260890,553959735900000.0,103845,6137214,0.7429000000000001
2018-12-04,INFY,EQ,670.35,672.55,688.25,671.3,683.0,685.25,682.83,7827923,534513335350000.0,129170,4357939,0.5567000000000001
2018-12-05,INFY,EQ,685.25,683.0,683.65,672.5,682.05,681.4,678.97,5177288,351520669350000.0,96257,3101033,0.599
2018-12-06,INFY,EQ,681.4,676.1,685.45,664.55,669.7,668.5,672.12,8039771,540365973750000.0,229269,3922722,0.4879
2018-12-07,INFY,EQ,668.5,672.0,685.75,665.6,681.0,682.8,679.07,5553948,377150897870000.0,125999,3024829,0.5446
2018-12-10,INFY,EQ,682.8,669.9,683.8,665.2,670.3,669.2,671.47,5121196,343871751295000.0,119910,3114377,0.6081000000000001
2018-12-11,INFY,EQ,669.2,669.2,681.9,660.6,673.25,674.5,672.27,7120933,478716157910000.06,204697,3767399,0.5291
2018-12-12,INFY,EQ,674.5,677.1,680.65,670.6,678.1,678.5,675.12,6926183,467598577585000.06,92411,3725735,0.5379
2018-12-13,INFY,EQ,678.5,682.0,700.0,680.0,695.35,697.75,690.27,7521474,519185356600000.0,187302,4679887,0.6222
2018-12-14,INFY,EQ,697.75,697.45,713.7,694.4,706.15,706.05,705.93,9560576,674910121485000.0,158039,4777005,0.4997
2018-12-17,INFY,EQ,706.05,711.85,711.85,692.75,692.75,694.4,697.79,4778465,333437689910000.0,95026,2319758,0.4855
2018-12-18,INFY,EQ,694.4,686.5,686.5,674.55,677.0,676.6,679.65,8021298,545168681905000.0,191277,4277069,0.5332
2018-12-19,INFY,EQ,676.6,671.55,671.55,661.1,664.6,664.85,665.07,8295459,551704652460000.06,263253,4781304,0.5764
2018-12-20,INFY,EQ,664.85,660.0,671.55,656.4,666.9,667.05,664.34,11705260,777623903715000.0,237519,6351199,0.5426
2018-12-21,INFY,EQ,667.05,659.5,659.5,643.45,646.55,646.2,651.1,12802132,833549375810000.0,228130,6537301,0.5106
2018-12-24,INFY,EQ,646.2,657.0,658.8,647.6,648.5,649.0,652.59,8379825,546856252600000.0,140084,3230709,0.38549999999999995
2018-12-26,INFY,EQ,649.0,647.0,647.0,637.35,643.9,644.05,641.76,6178552,396516075165000.0,129003,3192480,0.5167
2018-12-27,INFY,EQ,644.05,652.75,663.25,649.0,656.35,656.8,658.16,15333902,1009212695095000.1,182988,7084546,0.462
2018-12-28,INFY,EQ,656.8,663.35,663.5,653.3,656.1,656.95,658.29,4736598,311807670195000.0,105527,2225579,0.46990000000000004
2018-12-31,INFY,EQ,656.95,660.0,662.0,655.8,659.6,658.95,659.27,3373319,222391955025000.0,65442,1517551,0.4499
2019-01-01,INFY,EQ,658.95,660.95,666.3,654.15,665.95,665.05,660.66,2943390,194457942255000.0,45422,1282161,0.43560000000000004
2019-01-02,INFY,EQ,665.05,666.0,674.0,662.05,668.0,669.05,669.97,7416655,496896263260000.06,108094,3880800,0.5233
2019-01-03,INFY,EQ,669.05,672.0,677.0,663.1,668.0,669.15,669.66,6827249,457192925825000.0,125781,3676359,0.5385
2019-01-04,INFY,EQ,669.15,671.75,673.9,651.0,660.25,661.05,660.17,7889310,520830458870000.0,187590,3747741,0.47500000000000003
2019-01-07,INFY,EQ,661.05,665.0,673.6,661.5,671.7,671.7,667.51,8046340,537097378660000.06,132736,4711672,0.5856
2019-01-08,INFY,EQ,671.7,674.95,677.45,668.55,670.0,670.05,672.86,8621545,580112271975000.0,134369,5652959,0.6557
2019-01-09,INFY,EQ,670.05,686.2,689.8,664.0,675.6,676.1,678.41,18130292,1229973807480000.0,314702,8029281,0.4429
2019-01-10,INFY,EQ,676.1,681.6,682.0,672.55,680.8,679.7,677.63,9572493,648661027585000.0,141449,6064060,0.6335000000000001
2019-01-11,INFY,EQ,679.7,680.2,685.5,672.5,684.35,683.5,679.18,12281903,834160386110000.0,159694,6409592,0.5219
2019-01-14,INFY,EQ,683.5,707.0,710.2,695.95,701.3,701.9,701.27,19312937,1354362037615000.0,289248,7316609,0.3788
2019-01-15,INFY,EQ,701.9,707.2,730.0,707.2,728.3,726.6,721.52,19671304,1419322235315000.0,285205,8770235,0.4458
2019-01-16,INFY,EQ,726.6,729.9,737.8,728.5,735.95,736.8,734.12,9658944,709083808010000.0,175301,3769918,0.39030000000000004
2019-01-17,INFY,EQ,736.8,735.8,739.0,729.1,733.2,733.35,733.06,6903771,506086513014999.94,155361,3662842,0.5306000000000001
2019-01-18,INFY,EQ,733.35,730.0,736.2,726.3,734.0,730.95,730.43,5902151,431110179825000.0,117506,3555997,0.6025
2019-01-21,INFY,EQ,730.95,738.2,751.0,734.0,743.25,745.0,744.87,8129422,605532708630000.0,207759,4205100,0.5173
2019-01-22,INFY,EQ,745.0,741.25,749.0,734.0,747.0,745.35,739.94,6723375,497490433889999.94,184880,4348471,0.6468
2019-01-23,INFY,EQ,745.35,742.35,742.6,729.2,731.65,731.65,735.7,7212099,530591042170000.0,114457,4265475,0.5914
2019-01-24,INFY,EQ,731.65,728.1,736.1,721.0,734.0,732.0,727.66,7429783,540636501789999.94,138534,3721327,0.5009
2019-01-25,INFY,EQ,732.0,728.0,737.9,724.25,730.3,730.35,731.7,5543112,405591204645000.0,86157,3056302,0.5514
2019-01-28,INFY,EQ,730.35,731.0,732.6,719.0,731.0,727.95,725.12,7944693,576088291900000.0,128705,5442114,0.685
2019-01-29,INFY,EQ,727.95,725.5,732.85,716.5,730.05,727.9,721.76,6760819,487971490260000.06,137242,4100300,0.6065
2019-01-30,INFY,EQ,727.9,727.9,734.8,721.1,724.3,725.9,726.45,5763026,418655619195000.0,125751,3267862,0.5670000000000001
2019-01-31,INFY,EQ,725.9,726.0,751.3,726.0,750.0,749.55,744.47,13825233,1029242393485000.0,265809,8145259,0.5892000000000001
2019-02-01,INFY,EQ,749.55,751.35,762.5,744.5,756.7,757.05,753.37,6276585,472860832200000.0,119145,2274954,0.3625
2019-02-04,INFY,EQ,757.05,757.0,762.5,749.2,755.9,755.9,754.39,3945391,297636189665000.0,110537,1894178,0.48009999999999997
2019-02-05,INFY,EQ,755.9,747.0,759.95,747.0,755.0,754.85,753.48,4694366,353709484265000.0,98651,2610466,0.5561
2019-02-06,INFY,EQ,754.85,755.55,766.95,754.35,763.75,763.3,762.75,5880482,448536073514999.94,150791,3188901,0.5423
2019-02-07,INFY,EQ,763.3,763.05,769.45,761.0,763.0,764.0,766.2,3961797,303552237845000.0,102039,2154773,0.5439
2019-02-08,INFY,EQ,764.0,760.0,772.25,754.9,760.9,760.9,763.4,5915169,451562594430000.0,92824,2722938,0.46030000000000004
2019-02-11,INFY,EQ,760.9,766.9,768.75,759.0,760.45,762.8,764.82,5500216,420665329600000.0,101154,3149841,0.5727000000000001
2019-02-12,INFY,EQ,762.8,760.35,760.35,741.0,750.4,750.45,748.38,7310690,547118924060000.06,148513,3259568,0.4459
2019-02-13,INFY,EQ,750.45,750.1,759.7,743.65,754.0,754.9,753.01,5050182,380282136755000.0,133702,2418277,0.47880000000000006
2019-02-14,INFY,EQ,754.9,751.0,753.0,737.25,740.35,740.05,745.6,4610535,343761136995000.0,113149,2466085,0.5349
2019-02-15,INFY,EQ,740.05,742.3,746.5,732.6,742.05,741.95,739.44,5586389,413079566645000.0,93850,2900003,0.5191
2019-02-18,INFY,EQ,741.95,742.35,747.65,736.0,741.0,741.05,739.9,5346825,395611214795000.0,105532,3060004,0.5723
2019-02-19,INFY,EQ,741.05,739.1,740.55,721.3,724.0,724.3,726.7,9401334,683194083090000.0,124664,4041288,0.4299
2019-02-20,INFY,EQ,724.3,727.0,743.0,726.05,740.55,740.7,734.78,5210675,382868648605000.0,130965,2558375,0.49100000000000005
2019-02-21,INFY,EQ,740.7,738.0,738.0,727.1,734.0,733.45,732.23,7202786,527409739860000.06,151794,4504900,0.6254
2019-02-22,INFY,EQ,733.45,732.5,738.2,728.0,734.9,734.95,733.71,3750833,275204171300000.0,99246,1775166,0.4733
2019-02-25,INFY,EQ,734.95,735.55,758.0,735.55,755.0,754.9,749.2,6547552,490541391805000.0,155205,3296211,0.5034000000000001
2019-02-26,INFY,EQ,754.9,748.6,752.6,740.15,741.55,742.5,745.77,8319610,620452171405000.0,188778,5101741,0.6132
2019-02-27,INFY,EQ,742.5,745.0,746.4,732.75,734.5,735.25,738.56,5936354,438432458020000.0,181469,3554571,0.5988
2019-02-28,INFY,EQ,735.25,738.7,742.4,732.3,734.7,734.3,735.59,8559921,629661971360000.0,142436,4612032,0.5388000000000001
2019-03-01,INFY,EQ,734.3,735.5,743.4,735.5,741.8,741.9,740.0,3998826,295911594015000.0,86883,2141670,0.5356000000000001
2019-03-05,INFY,EQ,741.9,740.5,742.5,730.25,732.75,732.5,734.79,4826505,354646435400000.0,187167,2953053,0.6118
2019-03-06,INFY,EQ,732.5,736.1,736.1,727.0,732.25,732.5,732.02,6076668,444825445945000.0,201307,3216638,0.5293
2019-03-07,INFY,EQ,732.5,734.0,734.5,720.55,723.3,722.95,724.84,5951551,431390654950000.0,132988,3097595,0.5205
2019-03-08,INFY,EQ,722.95,722.95,722.95,710.65,713.2,712.35,714.77,7193994,514202317155000.0,154378,3414734,0.4747
2019-03-11,INFY,EQ,712.35,713.3,718.5,709.4,711.05,711.25,712.07,9932198,707239815050000.0,173911,6593102,0.6638
2019-03-12,INFY,EQ,711.25,709.0,714.95,705.6,706.75,706.95,708.99,11997387,850597796695000.0,224748,8806754,0.7341
2019-03-13,INFY,EQ,706.95,710.0,718.6,706.3,709.0,708.45,710.81,11348867,806689361650000.0,183506,5754904,0.5071
2019-03-14,INFY,EQ,708.45,714.0,714.9,706.2,708.45,708.35,710.02,6415187,455491114075000.0,158840,3794127,0.5914
2019-03-15,INFY,EQ,708.35,712.0,723.75,709.6,720.0,718.55,717.57,14638664,1050420779475000.0,174230,9286884,0.6344
2019-03-18,INFY,EQ,718.55,721.55,723.7,705.35,709.5,710.2,715.0,8065544,576688463240000.0,169894,4656010,0.5773
2019-03-19,INFY,EQ,710.2,712.8,726.5,707.4,725.9,722.25,715.22,8917337,637789794145000.0,165399,5704607,0.6397
2019-03-20,INFY,EQ,722.25,727.25,742.3,727.15,737.8,738.95,737.53,13471173,993536827645000.1,368666,6929551,0.5144
2019-03-22,INFY,EQ,738.95,745.0,746.35,732.3,745.0,743.1,741.4,8883260,658600978270000.0,186950,5182729,0.5834
2019-03-25,INFY,EQ,743.1,742.4,742.4,730.55,733.95,735.25,735.24,7644966,562090795485000.06,150353,4078146,0.5334000000000001
2019-03-26,INFY,EQ,735.25,735.25,735.25,719.1,727.8,727.75,724.65,9406261,681622109510000.0,220918,5868934,0.6239
2019-03-27,INFY,EQ,727.75,730.0,732.3,727.15,728.9,729.7,730.32,7387487,539519992075000.0,122789,5505910,0.7453000000000001
2019-03-28,INFY,EQ,729.7,730.0,745.0,730.0,739.1,737.8,739.73,9277241,686261674060000.0,187881,5521081,0.5951
2019-03-29,INFY,EQ,737.8,743.9,747.95,740.0,742.15,743.85,743.49,6924061,514799115400000.0,155083,4592403,0.6633
2019-04-01,INFY,EQ,743.85,742.0,760.0,742.0,753.75,755.1,754.32,6584982,496719955950000.0,149150,3788889,0.5754
2019-04-02,INFY,EQ,755.1,759.0,765.8,754.6,755.0,759.4,760.56,7283600,553962514255000.0,169885,4249666,0.5835
2019-04-03,INFY,EQ,759.4,756.0,758.5,746.8,751.65,753.3,752.48,6897127,518995576145000.0,200625,4213270,0.6109
2019-04-04,INFY,EQ,753.3,751.4,753.8,745.1,748.95,747.9,748.43,7688525,575434563250000.0,178872,5138276,0.6683
2019-04-05,INFY,EQ,747.9,750.9,760.95,748.0,759.55,759.3,758.69,6276040,476157637270000.0,148065,3851738,0.6137
2019-04-08,INFY,EQ,759.3,763.05,770.0,755.4,769.15,767.25,762.8,4919911,375291022370000.0,143815,2380635,0.4839
2019-04-09,INFY,EQ,767.25,770.0,773.0,758.2,760.8,760.6,765.16,6730692,515008773470000.0,146107,3353329,0.49820000000000003
2019-04-10,INFY,EQ,760.6,764.0,766.7,751.3,752.85,752.7,759.53,7031088,534033651075000.0,134089,4201714,0.5976
2019-04-11,INFY,EQ,752.7,751.75,751.75,740.05,743.4,742.7,744.27,8200995,610373444310000.0,158348,5047043,0.6154000000000001
2019-04-12,INFY,EQ,742.7,743.1,751.55,740.6,748.0,747.75,746.82,7043212,526002136064999.94,165165,2587611,0.3674
2019-04-15,INFY,EQ,747.75,724.7,731.35,712.6,728.2,727.5,724.58,31574803,2287862820735000.0,566543,16753549,0.5306000000000001
2019-04-16,INFY,EQ,727.5,727.9,727.9,714.1,724.0,724.1,722.4,12524411,904764670550000.0,343101,7260034,0.5797
2019-04-18,INFY,EQ,724.1,722.5,722.5,712.75,715.7,717.05,716.8,13801105,989265358875000.0,302789,8498108,0.6158
2019-04-22,INFY,EQ,717.05,717.05,725.75,715.0,721.3,721.05,721.04,6455426,465464659675000.0,115955,3535056,0.5476
2019-04-23,INFY,EQ,721.05,723.9,730.0,718.4,725.8,728.2,726.32,5516668,400685518400000.0,130836,2893716,0.5245000000000001
2019-04-24,INFY,EQ,728.2,728.2,737.9,724.0,735.0,736.45,733.43,8285120,607653956825000.0,174385,4993503,0.6027
2019-04-25,INFY,EQ,736.45,736.45,737.65,727.05,730.05,728.55,730.72,8005235,584961151020000.0,174336,5361863,0.6698000000000001
2019-04-26,INFY,EQ,728.55,731.0,739.8,729.0,738.6,738.0,736.11,6895168,507563651795000.0,151426,4168443,0.6045
2019-04-30,INFY,EQ,738.0,738.0,753.8,738.0,748.85,751.35,748.61,9920046,742624172240000.0,165676,6888736,0.6944
2019-05-02,INFY,EQ,751.35,747.0,748.4,729.5,730.8,730.8,738.19,6351352,468847730255000.0,115522,4071262,0.6409999999999999
2019-05-03,INFY,EQ,730.8,722.9,731.0,718.2,723.65,723.6,725.26,6348116,460405803110000.06,133663,3735602,0.5885
2019-05-06,INFY,EQ,723.6,715.0,721.8,710.65,717.15,718.4,718.07,8858265,636086440615000.0,148896,6519864,0.736
2019-05-07,INFY,EQ,718.4,720.4,727.9,718.7,724.4,724.55,724.51,5747536,416412668295000.0,104342,3690425,0.6421
2019-05-08,INFY,EQ,724.55,721.0,726.0,716.5,718.95,719.35,721.65,6247642,450860289614999.94,162077,3950857,0.6324000000000001
2019-05-09,INFY,EQ,719.35,719.15,730.3,715.8,722.0,721.05,724.48,7396525,535863522700000.0,242225,4808832,0.6501
2019-05-10,INFY,EQ,721.05,720.8,726.0,715.0,716.5,716.85,717.88,8352335,599594220330000.0,181229,5545377,0.6639
2019-05-13,INFY,EQ,716.85,716.55,726.45,712.1,718.0,719.7,720.09,6808993,490309792850000.0,201194,4745909,0.6970000000000001
2019-05-14,INFY,EQ,719.7,716.5,717.75,703.6,713.6,713.85,711.18,10513001,747667555050000.0,252851,7129503,0.6781999999999999
2019-05-15,INFY,EQ,713.85,714.9,725.2,712.6,715.35,716.1,719.58,6668929,479884958864999.94,139499,4056532,0.6083
2019-05-16,INFY,EQ,716.1,720.0,737.0,719.1,733.15,733.1,730.03,6468556,472227006085000.06,137776,3183434,0.49210000000000004
2019-05-17,INFY,EQ,733.1,733.15,735.8,720.1,724.5,723.9,725.44,8155948,591664610085000.0,126562,4816902,0.5906
2019-05-20,INFY,EQ,723.9,719.7,726.4,706.0,721.3,722.4,719.31,11213708,806609816880000.0,209544,6433842,0.5737
2019-05-21,INFY,EQ,722.4,722.65,722.65,707.7,709.25,709.3,712.09,8645535,615637750640000.0,170212,5649250,0.6534000000000001
2019-05-22,INFY,EQ,709.3,710.0,718.25,707.0,709.95,709.75,712.73,5795713,413075786845000.0,141566,3096074,0.5342
2019-05-23,INFY,EQ,709.75,715.0,716.7,697.45,703.8,701.05,708.67,7233736,512630190360000.06,176571,3889064,0.5376
2019-05-24,INFY,EQ,701.05,703.8,711.75,700.45,709.0,709.2,706.58,7016424,495766957400000.0,143196,4530623,0.6456999999999999
2019-05-27,INFY,EQ,709.2,707.4,713.8,705.5,709.5,708.1,711.8,10247544,729416565935000.0,89920,5823443,0.5683
2019-05-28,INFY,EQ,708.1,712.0,733.45,709.8,726.25,728.1,725.58,23860490,1731271881975000.0,195730,15894106,0.6661
2019-05-29,INFY,EQ,728.1,725.5,733.65,723.65,727.0,727.8,729.38,10293077,750752823450000.0,121851,6211165,0.6034
2019-05-30,INFY,EQ,727.8,727.0,737.25,722.55,732.6,733.55,733.51,15089296,1106810408870000.1,149521,10063526,0.6668999999999999
2019-05-31,INFY,EQ,733.55,736.5,742.95,733.2,737.0,737.75,737.91,8290306,611749448460000.0,138065,5107111,0.616
2019-06-03,INFY,EQ,737.75,729.8,750.9,729.0,745.15,744.65,742.27,7744761,574872804250000.0,97774,4539082,0.5861
2019-06-04,INFY,EQ,744.65,737.25,739.45,733.15,734.9,735.3,736.49,11733702,864171318270000.1,109238,7602995,0.648
2019-06-06,INFY,EQ,735.3,736.5,744.65,733.65,735.5,735.6,736.86,7563925,557356423364999.94,124258,4651412,0.6149
2019-06-07,INFY,EQ,735.6,735.85,743.95,735.85,738.5,739.1,739.65,3218358,238044577900000.0,98025,1674267,0.5202
2019-06-10,INFY,EQ,739.1,740.1,754.1,740.1,753.0,753.5,751.37,4435148,333243761575000.0,124012,2155368,0.48600000000000004
2019-06-11,INFY,EQ,753.5,755.0,759.0,750.5,754.0,754.9,754.71,5733127,432687550085000.06,131848,3559140,0.6208
2019-06-12,INFY,EQ,754.9,756.95,756.95,745.0,753.0,753.8,750.69,8738342,655981565450000.0,169526,5682249,0.6503
2019-06-13,INFY,EQ,753.8,740.0,747.2,740.0,742.2,742.65,743.56,4808577,357545733765000.0,97174,2798082,0.5819
2019-06-14,INFY,EQ,742.65,743.85,745.5,738.25,739.6,740.45,741.51,5556353,412011220680000.0,105007,3805500,0.6849
2019-06-17,INFY,EQ,740.45,743.0,744.5,737.8,739.05,740.55,741.8,3085588,228889591005000.03,72650,1868593,0.5399
2019-06-18,INFY,EQ,740.55,740.2,752.45,740.2,751.45,750.15,749.2,6202838,464714609280000.0,150082,3888747,0.6013000000000001
2019-06-19,INFY,EQ,750.15,752.5,755.4,748.6,751.95,751.9,751.2,4596253,345271382350000.0,91764,2914377,0.6341
2019-06-20,INFY,EQ,751.9,737.8,756.9,735.9,754.95,754.9,749.22,7148684,535593205214999.94,113630,4190645,0.5861999999999999
2019-06-21,INFY,EQ,754.9,755.0,755.0,747.15,751.75,750.2,750.28,13200318,990390913525000.0,122666,10426131,0.7898000000000001
2019-06-24,INFY,EQ,750.2,751.9,751.9,742.65,745.0,745.5,747.99,4758178,355905944210000.0,70416,2725979,0.5729
2019-06-25,INFY,EQ,745.5,744.0,750.9,737.3,745.45,748.1,744.67,3677911,273881169719999.97,118947,2194892,0.5968
2019-06-26,INFY,EQ,748.1,743.0,751.45,738.0,739.4,739.2,743.56,5447130,405026577685000.0,98489,3316971,0.6089
2019-06-27,INFY,EQ,739.2,742.0,744.7,728.15,731.7,730.55,733.31,11122346,815616544665000.0,145135,7204390,0.6476999999999999
2019-06-28,INFY,EQ,730.55,735.5,739.5,728.5,731.7,732.0,732.85,5919494,433812483355000.0,116890,3739343,0.6317
2019-07-01,INFY,EQ,732.0,735.0,737.5,729.85,731.7,731.3,733.32,3224968,236492242815000.0,101260,1828013,0.5668
2019-07-02,INFY,EQ,731.3,734.0,741.65,730.1,739.5,740.0,734.99,4837606,355560538015000.0,88954,3304104,0.6829999999999999
2019-07-03,INFY,EQ,740.0,741.0,743.2,730.0,731.7,731.3,736.8,5958379,439011657545000.0,133416,3450978,0.5792
2019-07-04,INFY,EQ,731.3,729.0,736.4,728.6,732.5,733.8,733.38,3274064,240114862219999.97,97167,1912727,0.5842
2019-07-05,INFY,EQ,733.8,735.0,736.4,713.5,718.0,718.0,723.71,4926289,356519446840000.0,113048,2508334,0.5092
2019-07-08,INFY,EQ,718.0,716.45,724.95,712.3,717.2,717.6,717.2,7177092,514741405589999.94,111837,4729332,0.6589
2019-07-09,INFY,EQ,717.6,718.0,719.85,709.05,713.8,715.5,713.79,5022638,358508628325000.0,121716,3127520,0.6227
2019-07-10,INFY,EQ,715.5,709.0,722.7,706.5,717.55,717.25,716.16,7573816,542407599914999.94,130598,4573427,0.6038
2019-07-11,INFY,EQ,717.25,719.45,723.5,709.6,722.4,721.5,716.61,6252688,448074289005000.0,104709,3347756,0.5354
2019-07-12,INFY,EQ,721.5,722.5,730.6,719.6,730.05,726.75,724.08,7874441,570170886090000.0,122936,4012131,0.5095000000000001
2019-07-15,INFY,EQ,726.75,763.0,781.65,754.2,779.4,779.35,769.12,31064152,2389194622205000.0,665352,12612049,0.406
2019-07-16,INFY,EQ,779.35,777.0,787.8,776.0,782.9,784.85,782.56,9924322,776634159570000.0,231682,4334802,0.4368
2019-07-17,INFY,EQ,784.85,783.9,795.0,776.75,794.0,794.15,789.65,6754348,533356714385000.06,159078,3125761,0.46280000000000004
2019-07-18,INFY,EQ,794.15,789.05,798.5,786.2,791.75,792.7,793.85,6534471,518741294375000.0,148380,3373686,0.5163
2019-07-19,INFY,EQ,792.7,788.7,794.5,781.25,785.0,785.4,786.53,6812754,535840514845000.0,96268,4152096,0.6095
2019-07-22,INFY,EQ,785.4,785.95,792.0,782.05,784.1,784.4,787.13,7107151,559427687885000.06,132725,4990428,0.7022
2019-07-23,INFY,EQ,784.4,787.0,804.0,785.55,790.0,790.05,795.33,10782564,857567472655000.0,207585,6306627,0.5849000000000001
2019-07-24,INFY,EQ,790.05,788.0,793.75,783.6,786.65,786.3,786.78,5745146,452016605160000.06,236924,3675199,0.6397
2019-07-25,INFY,EQ,786.3,788.25,800.2,787.65,792.9,794.5,793.82,9773568,775849181740000.0,259756,6336962,0.6484000000000001
2019-07-26,INFY,EQ,794.5,792.3,795.0,782.2,789.5,787.0,786.88,4941763,388856743170000.0,201172,2730307,0.5525
2019-07-29,INFY,EQ,787.0,789.5,796.95,786.2,791.85,791.45,790.84,6244316,493822966060000.06,190597,3623676,0.5803
2019-07-30,INFY,EQ,791.45,791.9,797.8,788.55,791.65,792.7,793.92,8673253,688583688855000.0,193679,6033235,0.6956
2019-07-31,INFY,EQ,792.7,790.85,799.8,781.6,795.0,793.65,792.38,7350584,582447536820000.0,209577,4494630,0.6115
2019-08-01,INFY,EQ,793.65,786.45,788.4,764.4,770.25,768.85,774.33,10066407,779475523405000.0,216329,6020077,0.598
2019-08-02,INFY,EQ,768.85,765.05,779.9,762.25,774.75,775.6,770.48,10838336,835068048505000.0,227612,6835374,0.6307
2019-08-05,INFY,EQ,775.6,772.6,785.9,768.65,776.8,776.7,777.83,9976238,775983928105000.0,281736,6166468,0.6181
2019-08-06,INFY,EQ,776.7,778.8,783.7,769.8,775.3,774.45,776.57,9331718,724676564385000.0,199427,6512914,0.6979000000000001
2019-08-07,INFY,EQ,774.45,778.9,783.45,772.35,776.05,776.1,778.99,5130457,399658293360000.0,157512,2955139,0.5760000000000001
2019-08-08,INFY,EQ,776.1,782.7,792.75,781.25,787.1,788.75,787.81,8009009,630955098970000.0,171889,5162652,0.6446
2019-08-09,INFY,EQ,788.75,792.0,796.75,784.8,790.0,789.85,790.13,4362520,344695807510000.0,77391,2308520,0.5292
2019-08-13,INFY,EQ,789.85,784.15,786.0,760.15,764.0,764.75,772.53,7517099,580721687340000.0,161749,4223553,0.5619
2019-08-14,INFY,EQ,764.75,775.1,778.25,768.0,772.8,774.8,773.33,5940968,459435788114999.94,154633,3539708,0.5958
2019-08-16,INFY,EQ,774.8,780.0,780.05,762.5,775.0,774.55,772.37,5128088,396077563180000.0,125413,2822446,0.5504
2019-08-19,INFY,EQ,774.55,775.6,783.0,773.35,778.0,777.65,779.02,3881451,302371727455000.0,107402,1930708,0.4974
2019-08-20,INFY,EQ,777.65,785.2,798.0,783.85,792.5,792.75,793.28,8435344,669156704275000.0,140808,4388051,0.5202
2019-08-21,INFY,EQ,792.75,793.0,803.75,793.0,799.25,799.45,799.47,5926896,473835017464999.94,154752,3200340,0.54
2019-08-22,INFY,EQ,799.45,799.9,801.3,792.35,795.4,795.7,797.0,5222488,416230501745000.0,136435,2970228,0.5687
2019-08-23,INFY,EQ,795.7,796.45,809.95,795.8,801.25,802.2,802.51,6895015,553330672960000.06,151009,3671650,0.5325
2019-08-26,INFY,EQ,802.2,795.9,806.8,786.9,804.3,802.55,799.09,5412074,432472324825000.0,141654,2928888,0.5412
2019-08-27,INFY,EQ,802.55,791.0,794.95,781.1,785.5,784.65,785.23,16061642,1261213100740000.0,242098,11517935,0.7171
2019-08-28,INFY,EQ,784.65,787.4,805.0,786.3,803.5,802.5,796.96,5881134,468702473060000.06,113678,2578179,0.43840000000000007
2019-08-29,INFY,EQ,802.5,795.5,809.7,795.5,808.3,806.95,805.11,7830413,630437819225000.0,117244,4155574,0.5307000000000001
2019-08-30,INFY,EQ,806.95,810.0,817.35,802.0,814.75,814.9,809.24,8174186,661487674925000.0,144388,5362040,0.6559999999999999
2019-09-03,INFY,EQ,814.9,815.0,822.4,812.05,812.75,814.25,816.96,5647088,461345596985000.06,109072,3392110,0.6007
2019-09-04,INFY,EQ,814.25,810.75,822.45,810.25,819.9,821.3,818.11,6199015,507147909725000.0,124357,3728982,0.6015
2019-09-05,INFY,EQ,821.3,830.1,837.5,826.65,835.1,834.05,833.0,7926895,660307339930000.0,242554,4640725,0.5854
2019-09-06,INFY,EQ,834.05,843.3,847.0,835.05,840.25,840.15,840.49,6106841,513276293239999.94,171032,3425602,0.5609000000000001
2019-09-09,INFY,EQ,840.15,836.8,840.3,827.55,830.0,829.1,830.92,4377870,363765479640000.0,122479,2606258,0.5953
2019-09-11,INFY,EQ,829.1,822.3,828.55,814.15,822.1,820.1,818.82,7981036,653504500595000.0,162235,5625215,0.7048000000000001
2019-09-12,INFY,EQ,820.1,816.4,819.85,810.85,817.6,816.4,816.08,4400017,359075248980000.0,110552,2680941,0.6093000000000001
2019-09-13,INFY,EQ,816.4,818.1,831.05,817.5,829.8,829.3,824.18,4832021,398247848930000.0,93586,2458599,0.5088
2019-09-16,INFY,EQ,829.3,832.05,837.95,820.55,827.6,827.7,827.38,4846496,400990689200000.0,137629,2537087,0.5235000000000001
2019-09-17,INFY,EQ,827.7,831.5,835.0,820.55,832.35,831.25,827.54,5540901,458529918800000.0,135783,3521255,0.6355
2019-09-18,INFY,EQ,831.25,829.9,832.95,824.0,831.45,829.85,828.68,3199389,265127364415000.0,115862,1381310,0.43170000000000003
2019-09-19,INFY,EQ,829.85,824.85,827.0,815.2,820.3,820.7,820.99,6601607,541982883275000.0,120499,4322765,0.6548
2019-09-20,INFY,EQ,820.7,822.9,835.0,802.0,807.3,805.0,811.86,22462366,1823640080725000.0,277034,16113892,0.7173999999999999
2019-09-23,INFY,EQ,805.0,806.9,806.9,741.9,765.0,764.35,770.66,17279260,1331637023310000.0,423674,11307357,0.6544
2019-09-24,INFY,EQ,764.35,765.0,798.65,765.0,794.0,794.05,785.94,13717998,1078158030760000.0,236139,7761626,0.5658
2019-09-25,INFY,EQ,794.05,787.7,801.0,781.65,790.75,792.65,793.69,9313576,739208192545000.0,257048,4911658,0.5274
2019-09-26,INFY,EQ,792.65,787.75,797.0,778.1,784.6,782.55,783.93,18442824,1445780289335000.0,178651,13292785,0.7208
2019-09-27,INFY,EQ,782.55,787.05,794.25,780.1,782.2,782.2,785.46,5087642,399612650485000.0,161432,2830566,0.5564
2019-09-30,INFY,EQ,782.2,785.1,808.0,784.15,804.2,805.65,801.63,8178091,655581264285000.0,156000,4430205,0.5417000000000001
2019-10-01,INFY,EQ,805.65,807.0,807.55,791.55,794.95,793.55,796.66,5881438,468548740314999.94,172253,3614822,0.6146
2019-10-03,INFY,EQ,793.55,792.55,797.85,784.15,786.4,785.6,791.93,5497672,435379306964999.94,166567,3384617,0.6156
2019-10-04,INFY,EQ,785.6,790.0,797.6,787.05,792.3,793.45,794.32,8201713,651482023085000.0,114239,6218101,0.7581
2019-10-07,INFY,EQ,793.45,794.85,802.0,786.1,788.8,789.55,791.09,3679845,291107809465000.0,118304,1978821,0.5377000000000001
2019-10-09,INFY,EQ,789.55,795.45,795.9,778.8,783.75,783.65,783.69,6335025,496466855795000.0,148580,4154272,0.6558
2019-10-10,INFY,EQ,783.65,785.4,794.7,776.6,782.5,783.05,786.97,10402917,818682053195000.0,123048,7300873,0.7018000000000001
2019-10-11,INFY,EQ,783.05,781.5,823.8,776.6,815.0,814.8,807.01,20636344,1665375751140000.0,318660,11225299,0.544
2019-10-14,INFY,EQ,814.8,786.75,797.0,780.0,786.3,786.1,789.64,15150858,1196374622955000.0,308844,7057980,0.4658
2019-10-15,INFY,EQ,786.1,773.1,775.95,765.0,769.0,768.3,769.68,13762133,1059237590254999.9,298596,8337226,0.6058
2019-10-16,INFY,EQ,768.3,765.25,775.95,761.55,771.0,771.45,770.12,10767032,829188388080000.0,258065,5624891,0.5224
2019-10-17,INFY,EQ,771.45,767.0,770.55,765.1,769.4,769.5,768.53,9860495,757812300370000.0,202471,7175174,0.7277
2019-10-18,INFY,EQ,769.5,763.8,773.8,760.0,767.5,767.85,767.62,10037200,770475899210000.0,187743,5535843,0.5515
2019-10-22,INFY,EQ,767.85,691.1,691.1,638.35,640.0,643.55,658.16,90152532,5933445305660000.0,1643015,57759158,0.6406999999999999
2019-10-23,INFY,EQ,643.55,630.0,656.65,615.1,650.35,650.6,643.94,60516887,3896914774865000.0,1059289,28705698,0.4743
2019-10-24,INFY,EQ,650.6,650.0,653.2,632.0,634.7,635.35,643.72,25666433,1652187612275000.0,393942,14070797,0.5482
2019-10-25,INFY,EQ,635.35,647.0,652.5,636.0,637.1,637.45,643.66,16549337,1065221542025000.0,327171,8298797,0.5015
2019-10-27,INFY,EQ,637.45,651.1,652.5,645.55,649.95,648.85,648.43,2945433,190991466920000.0,67356,1646327,0.5589000000000001
2019-10-29,INFY,EQ,648.85,651.0,653.75,647.0,650.9,650.65,650.33,16709764,1086692987475000.0,309792,11733053,0.7022
2019-10-30,INFY,EQ,650.65,660.4,671.4,656.2,662.25,660.6,664.01,22879467,1519227671845000.0,319118,13197793,0.5768
2019-10-31,INFY,EQ,660.6,668.4,695.45,666.1,687.0,685.6,685.39,27405901,1878368965159999.8,424958,12137949,0.4429
2019-11-01,INFY,EQ,685.6,690.0,694.0,682.6,688.9,687.9,688.47,9713519,668746893340000.0,181647,4209298,0.4333
2019-11-04,INFY,EQ,687.9,681.8,732.5,678.15,710.1,709.0,714.2,29381982,2098460712425000.0,384467,7483448,0.2547
2019-11-05,INFY,EQ,709.0,708.75,708.75,691.5,695.05,696.1,699.32,12897805,901975014540000.0,204502,5126393,0.3975
2019-11-06,INFY,EQ,696.1,695.8,721.5,692.0,712.5,712.3,710.66,21372589,1518868523435000.0,344247,7762086,0.3632
2019-11-07,INFY,EQ,712.3,717.0,724.35,712.1,720.25,720.1,718.75,13733737,987115425290000.0,205054,7318796,0.5329
2019-11-08,INFY,EQ,720.1,722.0,724.25,705.5,708.3,708.15,716.33,8585630,615013778035000.0,114589,4349437,0.5065999999999999
2019-11-11,INFY,EQ,708.15,698.9,707.2,698.0,703.1,704.4,703.64,6951494,489133620020000.0,118370,3050177,0.4388
2019-11-13,INFY,EQ,704.4,696.5,700.0,687.75,691.45,691.35,695.08,9973690,693253925405000.0,182739,4810242,0.4823
2019-11-14,INFY,EQ,691.35,696.35,709.8,696.35,705.05,705.3,705.92,10539902,744031835230000.0,172258,4673617,0.4434
2019-11-15,INFY,EQ,705.3,709.05,712.95,702.3,704.6,703.9,705.52,7362623,519447156205000.0,122419,4660400,0.633
2019-11-18,INFY,EQ,703.9,705.0,710.0,699.3,709.9,705.2,703.53,7490916,527009382570000.0,140015,4896848,0.6537000000000001
2019-11-19,INFY,EQ,705.2,709.9,714.0,705.0,712.8,712.85,710.87,6495885,461772681395000.0,127941,3654389,0.5626
2019-11-20,INFY,EQ,712.85,712.8,715.0,705.0,713.0,713.0,710.95,6142171,436679118710000.06,87462,3748676,0.6103000000000001
2019-11-21,INFY,EQ,713.0,715.5,721.45,710.5,712.15,713.25,714.88,9692973,692935271845000.0,127699,6217311,0.6414
2019-11-22,INFY,EQ,713.25,711.75,712.0,685.1,692.95,693.2,693.38,14415826,999565243104999.9,223156,5835762,0.4048
2019-11-25,INFY,EQ,693.2,693.35,705.15,693.2,699.0,698.1,698.13,7334511,512043617030000.0,109264,3806774,0.519
2019-11-26,INFY,EQ,698.1,705.0,707.25,686.0,692.6,690.6,693.08,27253106,1888870155580000.0,163058,18766289,0.6886
2019-11-27,INFY,EQ,690.6,694.25,697.65,690.1,696.15,695.75,694.39,3861635,268147817025000.0,64039,2127806,0.551
2019-11-28,INFY,EQ,695.75,699.1,703.35,694.05,701.45,701.85,698.53,4837683,337927040310000.0,84619,2196270,0.454
2019-11-29,INFY,EQ,701.85,700.9,702.3,691.55,695.8,696.35,695.72,4262379,296540231865000.0,110226,2568211,0.6025
2019-12-02,INFY,EQ,696.35,703.1,704.0,690.3,692.75,692.7,693.51,9383736,650768435130000.0,102880,7134359,0.7603
2019-12-03,INFY,EQ,692.7,692.7,699.7,688.55,699.0,698.35,696.23,5239013,364755374170000.0,84499,2780779,0.5307999999999999
2019-12-04,INFY,EQ,698.35,697.0,710.5,693.35,708.25,708.85,706.09,7427886,524476794489999.94,169304,3885827,0.5231
2019-12-05,INFY,EQ,708.85,706.45,715.9,703.8,714.1,714.85,712.06,4814422,342813926765000.0,76989,1946177,0.4042
2019-12-06,INFY,EQ,714.85,715.95,720.0,709.6,714.5,715.1,715.43,5226096,373888636480000.0,79319,2470841,0.4728
2019-12-09,INFY,EQ,715.1,716.0,722.35,714.25,716.05,717.25,718.66,6435865,462517725205000.0,114112,3793800,0.5895
2019-12-10,INFY,EQ,717.25,713.0,718.5,710.0,713.45,714.55,715.42,4457939,318928468765000.0,81372,2491263,0.5588000000000001
2019-12-11,INFY,EQ,714.55,716.6,722.7,713.0,720.0,721.05,718.49,6043554,434224498080000.0,125702,3829712,0.6337
2019-12-12,INFY,EQ,721.05,718.5,720.7,699.55,702.1,702.1,706.03,11112042,784541739445000.0,163350,4701874,0.42310000000000003
2019-12-13,INFY,EQ,702.1,700.35,712.9,700.35,711.5,711.3,708.5,10302412,729921456975000.0,132030,5440986,0.5281
2019-12-16,INFY,EQ,711.3,712.3,720.2,710.2,714.25,714.0,715.89,5616324,402069413110000.0,116838,3181046,0.5664
2019-12-17,INFY,EQ,714.0,719.7,731.25,715.0,730.5,729.7,726.51,10525565,764691788985000.0,193372,5918984,0.5623
2019-12-18,INFY,EQ,729.7,731.0,737.3,722.75,733.4,732.45,732.13,12215295,894324221425000.0,210673,6987100,0.5720000000000001
2019-12-19,INFY,EQ,732.45,733.5,735.95,724.6,732.0,730.85,729.59,7199210,525247499435000.06,165219,3944237,0.5479
2019-12-20,INFY,EQ,730.85,731.0,735.0,728.25,730.0,731.55,731.45,7794167,570107705975000.0,131404,4269114,0.5477000000000001
2019-12-23,INFY,EQ,731.55,732.15,737.3,731.65,735.95,736.0,734.61,4975608,365512811345000.0,80052,3045794,0.6121
2019-12-24,INFY,EQ,736.0,736.95,736.95,728.3,734.25,733.4,732.75,2890759,211819266085000.0,50306,1365090,0.4722
2019-12-26,INFY,EQ,733.4,732.0,734.55,726.55,729.5,728.95,730.42,3821806,279152846065000.0,48763,2112825,0.5528000000000001
2019-12-27,INFY,EQ,728.95,729.75,737.5,728.85,736.55,736.95,734.36,3399094,249617188865000.0,65467,1848140,0.5437
2019-12-30,INFY,EQ,736.95,736.1,737.95,727.25,732.5,732.9,732.53,5368416,393252216405000.0,115398,3267316,0.6086
2019-12-31,INFY,EQ,732.9,729.7,737.75,725.45,732.0,731.15,732.75,6927885,507641989730000.0,156522,2954104,0.4264
2020-01-01,INFY,EQ,731.15,735.0,740.0,732.55,739.35,736.85,735.35,2112415,155336874880000.0,36769,561646,0.2659
2020-01-02,INFY,EQ,736.85,738.9,740.8,730.9,735.75,734.7,735.22,5658200,416002533575000.0,102483,3413440,0.6033
2020-01-03,INFY,EQ,734.7,733.9,748.0,733.9,745.0,746.0,744.67,7882938,587017330235000.0,105632,3682521,0.4672
2020-01-06,INFY,EQ,746.0,746.1,753.8,736.5,738.5,738.85,743.51,6519403,484723698214999.94,129992,2871332,0.4404
2020-01-07,INFY,EQ,738.85,738.0,742.6,725.1,729.3,727.9,734.63,7899363,580311982455000.0,189680,3976564,0.5034000000000001
2020-01-08,INFY,EQ,727.9,724.95,729.0,708.3,718.9,718.2,717.84,8639443,620170752240000.0,232857,3579984,0.4144
2020-01-09,INFY,EQ,718.2,721.7,731.5,714.3,727.6,727.55,724.6,13521186,979745529154999.9,161064,7560512,0.5592
2020-01-10,INFY,EQ,727.55,740.45,742.9,730.5,740.0,738.15,737.69,9341405,689107845130000.0,145267,2641897,0.2828
2020-01-13,INFY,EQ,738.15,760.0,777.5,755.0,772.5,773.55,769.14,36952038,2842112930465000.0,753340,12985958,0.3514
2020-01-14,INFY,EQ,773.55,769.95,776.95,767.2,775.5,775.65,772.12,11414418,881326489915000.0,289583,5736351,0.5025999999999999
2020-01-15,INFY,EQ,775.65,773.85,773.85,762.15,766.3,767.55,766.99,6047430,463829821905000.0,96319,2874200,0.4753
2020-01-16,INFY,EQ,767.55,770.7,772.5,760.25,767.2,767.0,766.35,5740586,439930940885000.06,93520,2546218,0.4435
2020-01-17,INFY,EQ,767.0,770.7,772.9,762.25,767.45,767.85,766.35,3762957,288374384990000.0,98313,1716214,0.4561
2020-01-20,INFY,EQ,767.85,771.6,774.4,762.95,768.85,768.45,767.06,3887680,298207492385000.0,81096,1987288,0.5112
2020-01-21,INFY,EQ,768.45,768.45,770.5,760.75,761.15,762.5,764.09,4448374,339897785725000.0,83703,2831904,0.6365999999999999
2020-01-22,INFY,EQ,762.5,768.45,778.0,766.0,769.8,770.2,771.58,9733935,751049914755000.0,148501,5309541,0.5455
2020-01-23,INFY,EQ,770.2,777.1,785.5,776.7,782.35,784.35,781.01,12528017,978456637454999.9,197205,8696219,0.6940999999999999
2020-01-24,INFY,EQ,784.35,775.75,786.5,773.6,783.0,782.75,779.2,7540490,587555943625000.0,131263,3499303,0.46409999999999996
2020-01-27,INFY,EQ,782.75,779.05,784.8,774.4,778.05,778.1,778.05,3741610,291115955235000.0,102550,2126199,0.5683
2020-01-28,INFY,EQ,778.1,781.0,781.8,772.0,778.0,778.0,775.99,5121009,397383355180000.0,108248,3281703,0.6408
2020-01-29,INFY,EQ,778.0,786.6,792.8,784.25,790.0,789.7,787.87,6832757,538333513200000.0,83287,3600795,0.527
2020-01-30,INFY,EQ,789.7,789.7,789.7,778.0,780.6,780.7,781.35,3859680,301577580115000.0,98962,2022411,0.524
2020-01-31,INFY,EQ,780.7,780.55,784.95,771.6,777.7,775.95,776.84,6092028,473254758675000.0,72176,4123484,0.6769
2020-02-01,INFY,EQ,775.95,775.1,791.25,769.25,777.0,779.5,779.56,5104062,397892396660000.0,105374,2846062,0.5576
2020-02-03,INFY,EQ,779.5,782.0,790.95,764.5,767.1,767.4,771.38,6416745,494973829939999.94,132708,3721975,0.58
2020-02-04,INFY,EQ,767.4,770.1,789.9,770.1,788.1,787.85,781.11,5771311,450801953210000.06,126688,3493877,0.6054
2020-02-05,INFY,EQ,787.85,781.0,786.0,774.4,784.5,784.55,779.33,6310409,491787280405000.0,142904,3754373,0.5949
2020-02-06,INFY,EQ,784.55,784.35,786.8,770.0,772.0,771.35,775.78,7341622,569551298935000.0,133662,4417336,0.6017
2020-02-07,INFY,EQ,771.35,775.95,778.85,771.0,776.0,777.3,775.8,2853344,221362088790000.0,53815,1395947,0.4892
2020-02-10,INFY,EQ,777.3,774.0,778.0,769.75,773.0,773.2,772.86,3827682,295826428705000.0,50917,2548802,0.6659
2020-02-11,INFY,EQ,773.2,779.0,779.1,769.2,775.0,773.55,773.48,4312817,333585922295000.0,83764,2771644,0.6426999999999999
2020-02-12,INFY,EQ,773.55,775.8,783.25,775.1,780.8,781.05,780.73,2948825,230222879744999.97,80507,1455179,0.49350000000000005
2020-02-13,INFY,EQ,781.05,785.0,794.0,782.2,792.5,792.25,787.51,4387430,345512990600000.0,80876,2182796,0.4975
2020-02-14,INFY,EQ,792.25,794.5,799.2,784.6,786.3,786.45,791.78,5321680,421357374260000.0,103460,2627167,0.49369999999999997
2020-02-17,INFY,EQ,786.45,790.3,793.45,783.3,788.85,789.45,789.21,2929629,231208582725000.0,69780,1441936,0.4922
2020-02-18,INFY,EQ,789.45,785.0,799.05,783.65,798.5,797.65,793.27,5083346,403246234375000.0,103674,2672902,0.5258
2020-02-19,INFY,EQ,797.65,800.0,804.85,796.15,800.4,800.45,799.62,3985192,318663794620000.0,79345,1993471,0.5002000000000001
2020-02-20,INFY,EQ,800.45,803.25,806.1,793.85,796.8,797.0,800.74,4564569,365503959850000.0,94252,2324240,0.5092
2020-02-24,INFY,EQ,797.0,800.1,811.6,792.15,795.9,795.85,804.05,6627536,532887914989999.94,130286,3283926,0.4955
2020-02-25,INFY,EQ,795.85,799.0,806.0,795.4,799.5,798.4,799.93,6996695,559690040125000.0,114637,4262139,0.6092000000000001
2020-02-26,INFY,EQ,798.4,793.95,801.45,780.5,782.25,782.75,791.65,8760569,693531435315000.0,168481,5489084,0.6265999999999999
2020-02-27,INFY,EQ,782.75,778.0,780.75,772.2,776.55,777.85,777.16,5223386,405942515450000.0,100716,2619919,0.5015999999999999
2020-02-28,INFY,EQ,777.85,750.0,756.8,722.05,732.0,731.7,738.68,14123957,1043310167140000.0,277778,7459667,0.5282
2020-03-02,INFY,EQ,731.7,737.0,765.9,733.75,739.4,741.05,750.99,9821523,737586153200000.0,155968,4844883,0.4933
2020-03-03,INFY,EQ,741.05,755.0,759.0,741.25,751.0,747.0,749.09,7826587,586283638075000.0,136066,4215088,0.5386
2020-03-04,INFY,EQ,747.0,753.9,761.5,745.55,758.0,758.75,753.23,11013444,829562304690000.0,155822,6465657,0.5871000000000001
2020-03-05,INFY,EQ,758.75,763.75,773.55,751.75,754.15,754.6,763.7,7755293,592273765650000.0,124093,4825053,0.6222
